Ticker,Price,Day%,Week%,MCap($B),Sector,Industry,Above EMA%,RSI,MACD,MACD Hist,ROC20%,Vol Ratio,Momentum,Rating
AMLX,35.11,63.84,48.58,3.9,Healthcare,Drug Manufacturers - Specialty & Generic,78.49,82.7,Bull,0.69,89.78,7.74,100.0,4.83
MRNA,116.76,85.45,83.38,25.1,Healthcare,Biotechnology,88.74,86.4,Bull,4.24,101.07,4.25,100.0,3.09
HAE,104.65,15.93,19.98,4.8,Healthcare,Medical Devices,30.4,82.9,Bull,1.12,34.05,2.72,97.7,4.09
HTFL,45.23,7.84,53.11,3.9,Healthcare,Health Information Services,52.03,85.7,Bull,2.11,77.79,2.38,94.8,4.5
BVC,15.08,3.29,7.1,2.5,Technology,Software - Application,30.99,66.4,Bull,0.38,41.33,1.95,91.2,
WIX,77.16,4.67,15.66,4.2,Technology,Software - Infrastructure,29.55,67.7,Bull,1.54,50.94,1.56,88.0,3.82
ARHS,10.03,5.25,1.93,1.4,N/A,N/A,22.18,68.8,Bull,0.13,33.02,1.22,85.2,
TNDM,23.73,6.63,1.24,1.7,Healthcare,Medical Devices,25.4,71.0,Bull,0.24,34.83,1.17,84.8,3.96
ODTX,21.95,5.23,7.86,1.1,Healthcare,Biotechnology,16.91,63.5,Bull,0.11,28.66,1.31,83.0,4.8
BHC,6.93,5.32,11.06,2.6,N/A,N/A,24.13,69.3,Bull,0.06,48.08,0.86,82.2,
AIIR,7.9,2.6,7.59,1.3,Consumer Defensive,Tobacco,12.37,66.6,Bull,0.22,36.56,1.3,82.0,
MH,13.12,2.74,14.09,2.5,Consumer Defensive,Education & Training Services,16.51,67.4,Bull,0.21,40.77,1.05,82.0,4.62
XNCR,25.41,9.9,14.98,1.9,Healthcare,Biotechnology,39.59,78.5,Bull,0.24,24.25,1.5,81.8,4.5
KURA,12.33,9.31,24.17,1.1,Healthcare,Biotechnology,21.4,73.1,Bull,0.29,13.22,2.63,80.1,4.73
BNTX,109.75,18.33,18.34,23.3,Healthcare,Biotechnology,17.86,79.1,Bull,1.11,19.97,1.6,77.3,4.45
REPL,15.58,6.49,14.14,1.5,Healthcare,Biotechnology,45.04,68.4,Bull,0.45,41.64,0.28,77.3,4.25
CLMT,50.81,5.09,10.36,4.5,Basic Materials,Specialty Chemicals,25.62,72.5,Bull,0.59,23.69,1.0,77.0,3.67
TWST,133.76,15.21,6.82,7.7,Healthcare,Diagnostics & Research,37.74,67.6,Bull,1.4,42.52,0.23,76.9,4.45
AUGO,80.99,6.22,5.42,6.4,Basic Materials,Gold,21.72,70.6,Bull,1.82,62.75,0.18,76.5,4.56
IOVA,7.39,5.12,9.64,3.2,Healthcare,Biotechnology,43.93,75.2,Bull,0.17,42.94,0.16,76.4,4.33
HMY,20.66,7.13,4.0,12.2,Basic Materials,Gold,20.2,69.7,Bull,0.23,44.14,0.12,76.0,
FSM,11.37,8.8,4.89,3.2,Basic Materials,Gold,20.01,72.5,Bull,0.15,41.59,0.11,75.9,4.0
EGO,41.6,7.47,4.81,10.1,Basic Materials,Gold,21.44,68.7,Bull,0.53,50.02,0.09,75.8,3.4
CGAU,22.87,7.47,5.2,4.2,Basic Materials,Gold,24.7,73.2,Bull,0.26,50.56,0.09,75.7,3.75
PLTR,174.68,1.83,2.13,412.0,Technology,Software - Infrastructure,20.08,67.4,Bull,1.8,40.22,0.07,75.6,4.19
AEM,199.93,6.95,7.97,94.9,Basic Materials,Gold,20.01,76.8,Bull,3.72,35.96,0.07,75.6,4.27
BTG,5.28,6.12,1.44,6.6,Basic Materials,Gold,20.69,71.1,Bull,0.09,33.8,0.08,75.6,4.23
ELE,21.92,5.89,7.03,1.3,Basic Materials,Other Precious Metals & Mining,24.0,75.0,Bull,0.43,51.8,0.06,75.5,4.67
ZLAB,26.8,4.81,5.14,2.9,Healthcare,Biotechnology,27.32,78.1,Bull,0.55,30.74,0.06,75.5,4.67
ABCL,11.83,6.38,14.24,3.3,Healthcare,Biotechnology,62.85,82.6,Bull,0.51,106.46,0.06,75.5,4.89
UMAC,29.35,-4.02,8.58,1.5,Technology,Computer Hardware,26.83,59.4,Bull,0.62,49.21,0.06,75.5,4.62
RUM,8.26,1.98,9.4,4.0,Communication Services,Internet Content & Information,22.14,70.5,Bull,0.25,33.87,0.05,75.4,3.5
BETA,26.8,0.15,12.7,6.3,Industrials,Aerospace & Defense,32.3,72.4,Bull,0.44,46.21,0.03,75.3,4.75
NMAX,11.54,0.96,30.25,1.5,Communication Services,Broadcasting,34.81,75.9,Bull,0.35,44.07,0.04,75.3,4.5
OMER,17.23,0.23,25.67,1.2,Healthcare,Biotechnology,38.15,80.7,Bull,0.46,80.8,0.04,75.3,3.67
HZO,52.22,0.08,0.17,1.2,Consumer Cyclical,Specialty Retail,32.96,82.1,Bull,1.28,51.27,0.04,75.3,3.44
ZETA,28.9,2.37,1.23,7.1,Technology,Software - Infrastructure,23.92,67.1,Bull,0.28,43.21,0.03,75.3,4.47
VIA,25.61,2.38,2.26,2.0,Technology,Software - Application,26.95,71.8,Bull,0.24,46.37,0.04,75.3,4.6
RBRK,100.71,0.16,4.12,20.7,Technology,Software - Infrastructure,22.64,69.8,Bull,1.66,36.67,0.03,75.3,4.89
PLSE,47.1,2.39,8.73,3.3,Healthcare,Medical Instruments & Supplies,37.93,76.1,Bull,0.53,43.77,0.04,75.3,4.75
NEWP,6.87,4.89,3.93,1.2,Basic Materials,Silver,32.52,75.7,Bull,0.1,68.38,0.04,75.3,
P,117.18,0.1,5.19,38.9,Technology,Computer Hardware,35.53,82.0,Bull,3.09,57.12,0.02,75.2,4.35
WDAY,193.65,1.58,10.47,47.1,Technology,Software - Application,23.47,64.8,Bull,1.36,46.24,0.02,75.2,3.83
LIFE,34.03,0.07,1.32,2.2,Financial Services,Insurance Brokers,41.55,77.3,Bull,0.54,76.99,0.02,75.2,4.67
ETON,63.74,0.48,53.29,1.8,Healthcare,Drug Manufacturers - Specialty & Generic,52.07,78.8,Bull,1.84,50.61,0.03,75.2,5.0
VRDN,24.44,2.15,6.84,2.7,Healthcare,Biotechnology,21.31,72.2,Bull,0.19,35.58,0.02,75.2,4.82
HALO,106.61,1.64,4.74,11.9,Healthcare,Biotechnology,25.97,80.3,Bull,1.2,37.0,0.02,75.2,4.33
AMPL,12.69,0.83,2.54,1.6,Technology,Software - Application,30.95,70.8,Bull,0.17,45.25,0.02,75.2,4.25
AVAH,12.77,0.79,41.11,2.8,Healthcare,Medical Care Facilities,34.75,79.2,Bull,0.35,35.42,0.02,75.1,4.27
AVLN,39.44,1.49,5.51,1.7,Healthcare,Biotechnology,24.93,72.5,Bull,0.78,37.76,0.01,75.1,4.75
GTLB,41.52,0.05,1.74,7.0,Technology,Software - Infrastructure,21.14,65.0,Bull,0.26,32.44,0.01,75.1,3.48
CHYM,31.91,0.0,0.98,12.1,Technology,Software - Application,30.63,74.3,Bull,0.3,42.9,0.02,75.1,4.45
ESTC,84.52,-0.58,9.54,8.8,Technology,Software - Application,25.84,75.4,Bull,1.29,44.04,0.01,75.1,3.97
QNST,20.8,0.19,0.05,1.2,Communication Services,Advertising Agencies,24.88,68.7,Bull,0.23,33.08,0.01,75.1,4.83
PATH,15.8,1.41,3.54,8.1,Technology,Software - Infrastructure,22.06,66.2,Bull,0.12,47.66,0.01,75.1,3.2
TEAM,162.8,-0.12,4.87,41.3,Technology,Software - Application,45.1,76.3,Bull,3.58,90.63,0.02,75.1,4.53
WHD,74.0,1.19,2.21,5.9,Energy,Oil & Gas Equipment & Services,20.88,76.8,Bull,0.71,35.78,0.01,75.1,4.0
U,46.63,-0.22,4.73,20.6,Technology,Software - Application,34.68,81.4,Bull,0.74,59.33,0.01,75.1,4.48
APPN,36.5,0.19,4.82,2.6,Technology,Software - Infrastructure,29.86,69.9,Bull,0.41,40.22,0.01,75.1,3.14
PAYC,218.5,1.29,3.42,9.7,Technology,Software - Application,29.86,74.2,Bull,1.59,56.86,0.01,75.1,3.55
ATRC,46.37,1.32,6.44,2.3,Healthcare,Medical Instruments & Supplies,26.41,80.5,Bull,0.34,38.32,0.01,75.1,4.3
ARIS,19.27,9.58,8.59,3.6,Basic Materials,Gold,18.99,69.6,Bull,0.36,31.12,0.06,75.0,4.5
HP,44.49,0.68,4.12,4.4,Energy,Oil & Gas Drilling,19.58,76.9,Bull,0.9,31.05,0.02,75.0,3.5
NIQ,17.34,0.12,3.15,5.1,N/A,N/A,42.96,86.3,Bull,0.48,63.12,0.0,75.0,4.36
ARX,19.57,0.05,43.79,4.2,Financial Services,Insurance Brokers,36.61,76.9,Bull,0.86,45.39,0.0,75.0,3.33
NEM,124.04,6.95,5.26,122.2,Basic Materials,Gold,18.67,71.3,Bull,1.85,29.55,0.12,74.8,4.43
LBRX,48.77,5.49,7.59,1.6,Healthcare,Biotechnology,29.59,70.4,Bull,0.17,50.94,1.22,74.8,4.88
DRD,27.36,12.59,13.25,2.1,Basic Materials,Gold,17.39,74.3,Bull,0.49,39.24,0.13,74.8,
ALMR,33.65,2.09,1.6,2.3,Healthcare,Medical Devices,24.4,64.6,Bull,0.42,29.67,0.01,74.7,4.4
ZS,186.9,0.65,5.41,30.0,Technology,Software - Infrastructure,19.04,72.5,Bull,1.94,31.38,0.02,74.7,4.43
ECO,64.16,3.43,11.33,2.4,Industrials,Marine Shipping,20.54,67.6,Bull,0.63,29.07,0.07,74.6,5.0
ABNB,184.96,0.93,2.7,109.7,Consumer Cyclical,Travel Services,18.74,71.6,Bull,1.84,32.07,0.02,74.6,3.87
IAG,19.65,8.0,8.72,10.4,Basic Materials,Gold,18.63,69.1,Bull,0.36,29.67,0.06,74.5,4.17
AXTI,82.64,0.4,5.31,5.4,Technology,Semiconductor Equipment & Materials,15.33,56.7,Bull,2.62,55.98,0.21,74.4,
AU,103.84,6.01,6.05,49.5,Basic Materials,Gold,17.2,71.4,Bull,1.57,32.28,0.1,74.4,4.38
VEEV,244.45,0.7,1.22,39.6,Healthcare,Health Information Services,20.27,70.1,Bull,1.45,29.17,0.01,74.3,4.07
SLNHP,12.5,0.81,7.3,3.1,Financial Services,Capital Markets,15.64,73.8,Bull,0.17,32.98,0.15,74.0,
MGNI,24.5,-0.12,0.66,3.5,Communication Services,Advertising Agencies,21.74,69.9,Bull,0.13,28.95,0.01,74.0,4.53
SAP,212.36,0.9,4.02,258.6,Technology,Software - Application,16.96,72.5,Bull,1.14,37.59,0.03,73.7,
TXG,60.04,7.93,3.97,7.2,Healthcare,Health Information Services,34.12,68.9,Bull,0.32,27.61,0.1,73.4,3.69
TNK,90.26,1.31,11.59,3.1,Energy,Oil & Gas Midstream,17.86,74.5,Bull,1.35,29.24,0.02,73.3,3.8
SSRM,34.01,7.31,4.67,6.5,Basic Materials,Gold,15.73,66.0,Bull,0.54,35.89,0.05,73.3,4.6
WPM,140.91,6.18,4.47,60.3,Basic Materials,Gold,15.1,70.8,Bull,1.77,36.21,0.06,73.1,4.69
GFI,43.38,6.01,6.51,36.6,Basic Materials,Gold,16.44,70.9,Bull,0.66,29.11,0.07,72.9,4.25
RGEN,178.46,7.41,7.7,9.4,Healthcare,Medical Instruments & Supplies,21.42,74.8,Bull,1.56,27.39,0.06,72.9,4.5
EQX,12.23,6.81,6.07,9.0,Basic Materials,Gold,13.83,67.9,Bull,0.2,30.8,0.11,72.8,4.55
FRPT,72.93,0.41,0.85,3.5,Consumer Defensive,Packaged Foods,17.42,71.1,Bull,0.52,28.75,0.01,72.5,4.35
ANRO,35.07,2.75,20.19,1.3,Healthcare,Biotechnology,28.49,76.6,Bull,0.59,27.34,0.02,72.5,4.82
LDOS,143.6,0.08,2.29,18.0,Technology,Information Technology Services,14.32,75.0,Bull,1.35,34.18,0.01,72.2,3.65
OCUL,11.34,3.0,10.85,2.4,Healthcare,Biotechnology,20.75,74.4,Bull,0.28,26.99,0.01,72.1,4.64
SBSW,11.31,7.15,5.65,7.5,Basic Materials,Other Precious Metals & Mining,14.14,68.7,Bull,0.16,29.02,0.09,71.8,4.0
BULLW,2.88,-1.71,8.68,1.5,,,21.87,65.8,Bull,0.04,16.27,1.21,71.3,
NG,7.99,7.83,1.52,3.3,Basic Materials,Gold,13.95,65.6,Bull,0.13,28.66,0.07,71.2,4.43
TEM,58.14,17.78,6.46,8.9,Healthcare,Health Information Services,13.82,62.2,Bull,0.88,23.8,0.65,71.1,3.81
TDW,95.74,1.71,4.51,4.7,Energy,Oil & Gas Equipment & Services,19.43,72.4,Bull,1.3,26.27,0.02,71.1,3.25
PSNL,15.31,10.03,7.71,1.5,Healthcare,Diagnostics & Research,20.75,65.0,Bull,0.09,22.73,0.39,71.0,4.2
DOO,68.58,7.49,5.12,5.1,Consumer Cyclical,Recreational Vehicles,10.52,67.6,Bull,0.25,14.97,3.48,71.0,3.65
CDE,20.01,8.1,6.44,19.0,Basic Materials,Gold,16.94,65.1,Bull,0.35,26.33,0.12,70.8,4.27
CNL,14.58,-0.34,0.48,1.4,Basic Materials,Gold,4.46,59.9,Bull,0.21,24.19,1.1,70.6,4.67
HSLV,5.46,7.06,3.21,1.0,Basic Materials,Silver,10.59,63.5,Bull,0.07,32.85,0.04,70.6,
SVM,12.22,5.85,0.95,2.6,Basic Materials,Silver,12.24,62.7,Bull,0.16,28.17,0.15,70.5,4.67
IMNM,28.09,1.92,0.36,3.1,Healthcare,Biotechnology,18.71,70.6,Bull,0.23,25.85,0.04,70.5,4.79
AXGN,50.42,0.47,1.52,2.7,Healthcare,Medical Devices,14.7,70.2,Bull,0.53,28.08,0.01,70.5,4.78
TARS,71.03,0.59,2.26,3.1,Healthcare,Biotechnology,11.4,67.0,Bull,1.01,23.12,0.79,70.4,5.0
INTU,350.41,4.41,4.15,95.9,Technology,Software - Application,10.64,63.5,Bull,1.97,20.86,1.07,70.1,4.14
PRGO,13.24,2.08,4.33,1.8,Healthcare,Drug Manufacturers - Specialty & Generic,16.37,67.5,Bull,0.12,26.46,0.01,69.7,3.6
NPK,147.26,2.14,6.53,1.1,Industrials,Aerospace & Defense,11.98,77.3,Bull,1.44,20.54,0.96,69.5,
SA,33.32,7.37,2.48,3.3,Basic Materials,Gold,15.15,64.6,Bull,0.43,26.44,0.04,69.4,
AZTA,35.08,6.37,4.62,1.4,Healthcare,Medical Instruments & Supplies,23.96,73.6,Bull,0.15,29.16,0.06,69.3,3.83
WK,70.73,0.9,3.91,3.8,Technology,Software - Application,20.28,68.2,Bull,0.48,23.7,0.04,69.0,4.82
YSWY,25.18,1.04,15.08,1.6,Consumer Defensive,Grocery Stores,15.19,69.1,Bull,0.48,26.28,0.0,68.9,4.0
NESR,35.74,1.28,2.65,3.6,Energy,Oil & Gas Equipment & Services,21.96,68.3,Bull,0.57,23.55,0.01,68.6,4.43
ORKA,114.36,1.13,6.48,7.5,Healthcare,Biotechnology,27.12,76.7,Bull,1.03,23.37,0.02,68.5,4.85
NTRA,323.77,3.87,2.47,44.9,Healthcare,Diagnostics & Research,19.73,69.6,Bull,2.36,23.28,0.03,68.4,4.5
NTAP,205.85,0.56,1.88,40.2,Technology,Software - Infrastructure,18.49,73.3,Bull,1.08,23.6,0.06,68.3,3.7
CCC,7.14,6.73,3.93,4.2,Technology,Software - Application,19.36,67.6,Bull,0.02,17.05,2.87,68.2,4.09
PRCH,16.75,0.45,3.68,2.2,Financial Services,Insurance - Property & Casualty,20.54,62.8,Bull,0.1,22.48,0.01,67.5,
BRZE,29.12,4.19,3.19,3.6,Technology,Software - Application,16.13,60.8,Bull,0.2,11.19,1.56,67.3,4.71
CGEM,21.54,3.36,9.9,1.3,Healthcare,Biotechnology,21.91,75.3,Bull,0.34,22.04,0.02,67.2,4.91
ALVO,4.05,2.53,1.0,1.2,Healthcare,Drug Manufacturers - Specialty & Generic,10.3,60.6,Bull,0.03,26.96,0.01,67.2,4.0
LBTYB,13.2,1.77,3.94,4.5,Communication Services,Telecom Services,3.21,57.6,Bull,0.11,5.52,6.22,67.1,
INTA,39.93,0.48,1.01,3.0,Technology,Software - Application,28.52,70.0,Bull,0.15,37.12,0.01,67.1,3.67
NEU,954.5,0.79,2.15,8.7,Basic Materials,Specialty Chemicals,14.85,75.4,Bull,6.13,24.21,0.04,66.9,
ORIC,14.23,2.26,3.53,1.4,Healthcare,Biotechnology,23.0,67.7,Bull,0.05,32.42,0.01,66.1,4.71
EMBJ,78.63,2.01,6.31,13.9,Industrials,Aerospace & Defense,16.05,73.9,Bull,0.48,22.69,0.03,66.0,4.53
FRSH,12.69,-0.35,8.93,3.3,Technology,Software - Application,16.34,64.8,Bull,0.06,26.09,0.0,65.7,3.88
FORTY,116.21,5.76,11.45,1.8,Technology,Information Technology Services,4.04,62.0,Bull,0.89,5.89,2.74,65.7,
HL,19.18,6.83,5.94,12.1,Basic Materials,Other Precious Metals & Mining,16.14,65.7,Bull,0.33,22.22,0.05,65.7,3.78
KGC,28.97,6.82,5.42,32.4,Basic Materials,Gold,11.44,68.2,Bull,0.36,23.75,0.12,65.5,4.33
ASA,60.42,4.69,2.8,1.1,Financial Services,Asset Management,7.8,64.1,Bull,0.77,25.65,0.1,65.3,
KMTS,27.93,0.4,0.11,1.6,Healthcare,Medical Instruments & Supplies,14.01,62.6,Bull,0.25,16.47,0.79,65.1,4.5
NTSK,15.19,-1.2,1.3,6.2,Technology,Software - Infrastructure,17.67,60.6,Bull,0.06,27.02,0.01,64.9,4.61
SAIL,19.29,0.47,2.99,10.9,Technology,Software - Infrastructure,17.28,63.3,Bull,0.08,26.74,0.02,64.9,4.2
PCOR,60.19,0.5,3.81,9.1,Technology,Software - Application,17.62,68.4,Bull,0.22,44.51,0.03,64.8,
NUTX,187.66,-0.4,12.74,1.3,Healthcare,Medical Care Facilities,17.35,59.9,Bull,3.12,14.15,0.81,64.6,4.8
VCTR,117.68,-0.08,1.24,7.2,Financial Services,Asset Management,19.03,75.7,Bull,0.8,19.44,0.06,64.5,3.43
MP,57.01,0.6,5.36,10.1,Basic Materials,Other Industrial Metals & Mining,8.55,62.1,Bull,1.46,24.81,0.04,64.4,4.72
USAS,5.2,5.05,0.19,1.7,Basic Materials,Other Industrial Metals & Mining,7.69,60.1,Bull,0.09,24.4,0.13,64.3,4.75
ACHR,6.33,0.16,0.64,4.9,Industrials,Aerospace & Defense,13.73,59.0,Bull,0.1,22.2,0.03,64.3,4.11
SBLK,30.61,1.6,9.76,3.4,Industrials,Marine Shipping,11.98,66.8,Bull,0.19,22.94,0.04,64.3,4.75
JCAP,23.51,0.84,11.45,1.3,Financial Services,Credit Services,17.33,74.3,Bull,0.24,20.34,0.01,64.1,4.4
NHPAP,25.2,0.04,0.14,1.8,Real Estate,REIT - Healthcare Facilities,7.9,88.6,Bull,0.09,9.33,2.99,64.1,
RVMD,219.18,1.47,6.78,46.3,Healthcare,Biotechnology,18.26,72.8,Bull,1.55,19.75,0.02,64.0,4.73
ZM,108.0,3.14,2.73,30.7,Technology,Software - Application,11.47,65.2,Bull,0.49,25.86,0.03,63.8,4.0
SANA,3.82,5.23,1.33,1.1,Healthcare,Biotechnology,11.23,61.7,Bull,0.03,22.44,0.08,63.7,4.56
FIGR,35.93,1.15,17.11,8.0,Financial Services,Capital Markets,17.35,67.3,Bull,1.02,19.61,0.04,63.6,4.14
RAPP,49.53,1.07,3.78,2.4,Healthcare,Biotechnology,16.94,68.3,Bull,0.4,19.85,0.03,63.6,4.92
TPG,52.25,0.44,3.8,19.7,Financial Services,Asset Management,15.35,67.7,Bull,0.44,20.75,0.01,63.5,4.25
EL,96.91,15.0,10.53,30.5,Consumer Defensive,Household & Personal Products,14.15,72.1,Bull,0.52,17.28,0.46,63.2,3.64
ABSI,9.76,10.23,2.68,1.5,Healthcare,Biotechnology,16.64,60.8,Bull,0.13,18.39,0.17,63.1,4.6
TMDX,90.21,-0.53,3.67,3.1,N/A,N/A,11.83,65.6,Bull,0.8,21.94,0.01,63.0,
ONC,373.41,1.15,4.0,42.0,N/A,N/A,16.08,74.2,Bull,2.26,19.68,0.03,63.0,
SHAK,73.05,2.9,0.26,3.0,N/A,N/A,10.3,63.5,Bull,0.31,28.22,0.01,62.8,
B,44.59,5.94,8.15,69.3,N/A,N/A,12.89,67.1,Bull,0.45,18.87,0.29,62.7,
CMBT,17.92,2.46,6.99,5.5,N/A,N/A,14.36,73.7,Bull,0.15,19.79,0.08,62.7,
HCC,100.05,2.36,3.44,5.2,N/A,N/A,13.53,70.7,Bull,1.48,20.5,0.04,62.6,
JBIO,23.99,1.87,3.36,1.5,N/A,N/A,12.96,63.1,Bull,0.28,20.86,0.02,62.5,
FRO,44.96,3.36,13.62,9.7,N/A,N/A,16.52,72.2,Bull,0.53,18.44,0.09,62.4,
TILE,39.29,2.0,1.97,2.2,N/A,N/A,14.15,70.2,Bull,0.24,20.04,0.02,62.3,
APA,42.99,1.46,7.56,14.8,N/A,N/A,16.04,71.9,Bull,0.52,18.82,0.03,62.1,
RGLD,242.71,5.33,4.23,19.5,N/A,N/A,12.58,69.2,Bull,2.52,20.6,0.03,62.1,
GENB,16.35,1.68,8.35,2.1,N/A,N/A,12.37,65.4,Bull,0.26,20.58,0.03,62.0,
INFQ,12.62,-2.26,2.09,2.9,N/A,N/A,6.27,57.0,Bull,0.31,23.23,0.07,61.9,
FNV,244.35,4.89,3.57,44.9,N/A,N/A,9.24,65.0,Bull,1.34,22.07,0.03,61.9,
TBBB,48.38,0.67,14.37,5.7,N/A,N/A,15.61,69.1,Bull,0.81,18.75,0.03,61.8,
DXPE,199.31,0.86,1.81,3.1,N/A,N/A,15.12,65.1,Bull,1.9,18.65,0.07,61.8,
NCNO,20.57,1.83,8.26,2.2,N/A,N/A,14.04,66.2,Bull,0.09,23.92,0.01,61.6,
CRON,3.21,1.9,4.22,1.2,N/A,N/A,11.74,68.7,Bull,0.03,14.64,0.72,61.5,
FOXA,68.68,-0.51,8.93,29.0,N/A,N/A,13.6,73.1,Bull,0.93,19.49,0.01,61.3,
RNG,65.19,1.75,2.74,5.4,N/A,N/A,28.77,69.6,Bull,0.15,65.12,0.57,61.1,
MRK,146.43,8.33,10.17,333.5,Healthcare,Drug Manufacturers - General,14.76,79.7,Bull,1.08,14.88,0.45,61.0,4.21
FRNM,13.45,3.46,12.08,1.4,N/A,N/A,17.23,68.8,Bull,0.22,3.38,1.67,60.9,
NOG,25.67,1.1,6.56,2.7,N/A,N/A,17.16,72.8,Bull,0.42,17.16,0.02,60.9,
PSX,243.4,-0.04,8.47,97.2,N/A,N/A,20.24,81.4,Bull,2.77,15.74,0.02,60.9,
MGTX,14.24,2.52,9.88,1.3,N/A,N/A,16.96,69.0,Bull,0.15,17.11,0.02,60.8,
ARGX,1014.41,2.16,15.8,61.6,N/A,N/A,15.3,70.8,Bull,16.04,17.88,0.03,60.8,
ACAD,30.18,4.03,2.62,5.2,N/A,N/A,16.25,71.0,Bull,0.1,18.68,1.18,60.7,
MPC,364.5,-0.47,4.67,102.8,N/A,N/A,20.49,75.8,Bull,4.03,15.41,0.02,60.6,
CRVL,67.34,0.7,10.03,3.4,N/A,N/A,9.42,68.1,Bull,0.69,11.95,1.06,60.5,
SKE,33.3,7.14,0.27,3.9,N/A,N/A,13.26,63.5,Bull,0.23,18.21,0.07,60.4,
BWLP,23.85,3.38,7.63,3.7,N/A,N/A,14.59,69.8,Bull,0.14,17.08,0.11,60.3,
VIRT,61.05,2.61,10.84,9.5,N/A,N/A,6.11,57.8,Bull,0.35,4.73,2.08,60.1,
TK,13.15,1.39,11.63,1.1,N/A,N/A,13.51,72.3,Bull,0.21,18.15,0.03,60.1,
OGC,29.4,6.83,1.66,6.2,N/A,N/A,9.81,62.7,Bull,0.3,19.8,0.05,60.1,
PSKY,10.48,0.48,10.32,11.7,N/A,N/A,10.71,73.1,Bull,0.25,19.36,0.02,59.9,
GO,11.09,0.25,9.03,1.1,N/A,N/A,14.4,66.4,Bull,0.16,17.46,0.02,59.8,
ATKR,93.65,0.22,0.18,3.2,N/A,N/A,14.3,72.7,Bull,0.32,28.81,0.01,59.8,
ASM,7.29,6.73,2.1,1.2,N/A,N/A,13.43,61.3,Bull,0.1,16.45,0.19,59.7,
LPG,49.17,0.86,9.93,2.1,N/A,N/A,15.34,66.7,Bull,0.3,16.68,0.04,59.7,
QURE,47.47,0.2,5.2,3.3,N/A,N/A,16.87,63.7,Bull,0.23,17.57,0.02,59.7,
SENEA,197.76,2.85,4.98,1.3,N/A,N/A,15.6,70.3,Bull,1.95,16.26,0.06,59.5,
TVTX,65.44,2.41,5.28,6.0,N/A,N/A,16.14,70.1,Bull,0.43,16.32,0.02,59.5,
ECPG,104.08,1.83,6.75,2.2,N/A,N/A,12.97,64.4,Bull,0.65,17.99,0.01,59.5,
SRPT,18.92,4.99,2.94,1.9,N/A,N/A,8.69,64.4,Bull,0.28,19.6,0.03,59.2,
IMVT,45.06,1.71,5.77,9.2,N/A,N/A,16.89,74.7,Bull,0.43,15.38,0.03,59.1,
GLIBK,26.31,1.11,2.33,1.0,N/A,N/A,8.0,65.7,Bull,0.22,19.86,0.01,59.0,
FOX,60.79,-0.71,8.62,25.7,N/A,N/A,12.34,70.6,Bull,0.8,17.75,0.01,59.0,
CRGY,13.07,0.97,9.49,4.3,N/A,N/A,15.56,71.0,Bull,0.16,16.04,0.01,58.9,
GMAB,33.44,1.46,6.43,4.2,N/A,N/A,14.75,79.6,Bull,0.3,15.91,0.05,58.7,
WEN,8.66,2.67,0.06,1.6,N/A,N/A,12.5,61.6,Bull,0.11,17.09,0.04,58.6,
CRSP,55.97,5.67,3.68,5.1,N/A,N/A,7.18,62.8,Bull,0.52,18.49,0.16,58.4,
LFST,12.54,1.46,2.53,4.7,N/A,N/A,18.42,67.9,Bull,0.12,13.9,0.01,58.2,
TEVA,36.88,0.82,0.38,42.6,N/A,N/A,7.78,66.7,Bull,0.22,18.97,0.04,58.2,
XPEL,50.61,1.77,3.2,1.4,N/A,N/A,8.56,62.6,Bull,0.4,18.75,0.01,58.1,
PBF,74.42,-1.03,6.2,8.9,N/A,N/A,25.35,66.1,Bull,0.34,16.12,0.01,58.1,
SENEB,188.8,0.0,5.94,1.3,N/A,N/A,11.84,66.9,Bull,1.74,17.03,0.0,57.9,
CPRT,32.29,2.48,11.38,29.2,N/A,N/A,7.61,67.6,Bull,0.35,18.84,0.03,57.9,
UFPT,323.99,3.18,0.47,2.4,N/A,N/A,19.51,66.3,Bull,0.83,33.85,0.02,57.8,
AMR,173.67,2.5,8.87,2.1,N/A,N/A,7.91,68.1,Bull,3.91,18.73,0.02,57.8,
DHT,19.62,1.61,11.79,3.1,N/A,N/A,14.0,72.8,Bull,0.23,15.43,0.03,57.7,
AXON,622.95,0.5,3.86,50.4,N/A,N/A,15.34,59.0,Bull,2.46,22.08,0.02,57.6,
CORT,119.85,1.48,6.84,12.8,N/A,N/A,26.78,70.3,Bull,0.3,32.4,0.03,57.6,
OR,33.92,4.97,0.61,6.1,N/A,N/A,4.33,61.9,Bull,0.28,19.84,0.05,57.4,
MRVL,238.62,10.47,9.92,189.2,Technology,Semiconductors,10.42,57.9,Bull,4.94,13.1,0.48,57.3,4.58
SPTX,24.0,0.13,0.84,1.3,N/A,N/A,13.9,63.1,Bull,0.12,15.11,0.0,57.1,
SKM,39.21,2.07,11.85,14.7,N/A,N/A,12.45,63.2,Bull,0.7,15.51,0.03,57.0,
INBX,94.62,2.84,2.42,1.4,N/A,N/A,3.68,56.1,Bull,1.31,8.0,1.43,56.8,
PTEN,12.19,0.54,10.66,4.6,N/A,N/A,15.87,67.6,Bull,0.24,13.76,0.01,56.8,
WT,23.09,1.01,1.58,3.5,N/A,N/A,14.83,67.1,Bull,0.13,14.24,0.01,56.7,
BGR,17.22,1.29,3.53,2.3,N/A,N/A,8.14,71.8,Bull,0.08,8.79,1.1,56.5,
KNTK,54.54,2.94,6.71,8.9,N/A,N/A,10.42,68.0,Bull,0.37,8.79,0.9,56.5,
SLS,13.39,2.18,13.72,2.6,N/A,N/A,20.5,62.0,Bull,0.2,10.8,0.06,56.3,
PTGX,157.59,0.16,3.67,10.2,N/A,N/A,18.54,70.5,Bull,0.94,11.84,0.02,56.3,
CVI,36.66,0.66,7.67,3.7,N/A,N/A,12.49,62.2,Bull,0.27,9.92,0.62,56.3,
LMRI,12.28,2.42,4.69,1.2,N/A,N/A,11.57,64.4,Bull,0.06,15.31,0.02,56.2,
AG,19.83,7.28,3.55,9.1,N/A,N/A,10.82,62.7,Bull,0.28,14.62,0.14,56.2,
CRCL,77.14,7.54,8.22,18.2,Financial Services,Capital Markets,5.87,60.4,Bull,1.67,16.6,0.2,56.2,3.67
SRRK,54.72,5.13,5.09,6.7,N/A,N/A,7.77,60.4,Bull,0.49,7.55,1.16,56.1,
HQH,24.38,1.65,3.94,1.1,N/A,N/A,12.14,82.1,Bull,0.11,16.74,0.12,56.0,
VMET,10.4,4.1,4.63,1.1,N/A,N/A,0.44,55.4,Bull,0.17,18.72,0.25,56.0,
XPRO,18.76,2.15,1.93,2.1,N/A,N/A,13.9,68.7,Bull,0.17,13.87,0.01,55.9,
VLO,347.1,-0.84,5.11,100.8,N/A,N/A,17.0,72.9,Bull,2.7,12.07,0.03,55.8,
AGI,35.45,7.75,5.73,13.8,Basic Materials,Gold,8.19,66.4,Bull,0.54,16.08,0.06,55.7,4.62
CVE,32.82,0.92,8.78,61.0,N/A,N/A,14.56,72.0,Bull,0.33,13.21,0.01,55.6,
TYL,333.63,0.43,5.03,13.6,N/A,N/A,6.2,59.3,Bull,1.67,17.34,0.01,55.5,
GLIBA,26.76,0.9,4.0,1.1,N/A,N/A,8.72,66.1,Bull,0.21,15.94,0.01,55.4,
VGNT,47.42,1.56,4.38,3.3,N/A,N/A,10.09,63.9,Bull,0.37,15.21,0.01,55.3,
UUUU,14.58,3.48,0.76,3.5,N/A,N/A,2.61,57.4,Bull,0.28,18.44,0.06,55.3,
MUX,19.35,5.39,1.04,1.1,N/A,N/A,2.43,56.5,Bull,0.11,18.2,0.09,55.2,
USAR,18.86,1.92,2.47,4.5,N/A,N/A,0.71,54.3,Bull,0.4,19.25,0.07,55.2,
NVCR,17.95,4.12,2.05,2.0,N/A,N/A,9.22,57.9,Bull,0.15,15.29,0.02,55.0,
KYMR,123.25,1.54,8.09,10.1,N/A,N/A,15.93,71.3,Bull,1.49,11.7,0.03,54.9,
PS,39.11,-2.0,0.8,16.0,N/A,N/A,9.85,58.4,Bull,0.28,14.19,0.08,54.8,
KSPI,99.68,1.62,0.13,18.6,N/A,N/A,10.73,70.9,Bull,0.68,14.16,0.02,54.7,
HNGE,89.0,0.86,3.1,7.1,N/A,N/A,13.62,62.5,Bull,0.45,12.54,0.01,54.5,
VET,12.43,1.64,10.0,1.9,N/A,N/A,13.32,67.1,Bull,0.11,12.69,0.01,54.4,
CON,35.4,1.0,2.49,4.5,N/A,N/A,14.29,68.5,Bull,0.2,11.99,0.01,54.2,
LQDT,43.54,0.66,1.01,1.4,N/A,N/A,10.65,64.7,Bull,0.3,13.55,0.01,53.9,
NAT,7.05,1.8,9.55,1.5,N/A,N/A,14.06,67.8,Bull,0.05,10.93,0.09,53.7,
TALO,16.69,1.99,7.65,2.7,N/A,N/A,12.85,67.6,Bull,0.21,11.84,0.01,53.4,
GSBD,9.89,0.92,3.24,1.1,N/A,N/A,7.99,66.0,Bull,0.08,14.2,0.02,53.4,
GMED,86.98,0.62,1.53,11.6,N/A,N/A,6.24,64.1,Bull,0.51,15.21,0.01,53.4,
PFE,27.73,1.76,5.4,155.3,N/A,N/A,8.79,74.5,Bull,0.15,13.68,0.03,53.3,
DCO,202.86,-0.69,0.73,3.1,N/A,N/A,13.38,63.3,Bull,0.76,20.41,0.01,53.3,
STRD,68.86,0.64,0.99,26.3,N/A,N/A,6.5,68.0,Bull,0.65,14.74,0.03,53.2,
AMGN,432.67,1.74,3.96,229.9,N/A,N/A,13.24,76.8,Bull,1.74,18.2,0.02,53.1,
HTHT,47.18,2.74,14.38,14.1,N/A,N/A,8.56,66.6,Bull,0.59,13.06,0.08,53.0,
ZYME,26.5,1.65,6.3,1.8,N/A,N/A,8.8,65.9,Bull,0.4,13.44,0.01,52.9,
GNK,26.5,1.73,8.2,1.1,N/A,N/A,8.58,63.7,Bull,0.15,13.31,0.02,52.7,
ANAB,60.31,2.24,5.84,1.7,N/A,N/A,5.69,57.5,Bull,0.76,14.64,0.02,52.7,
MRX,72.69,1.13,2.2,5.3,N/A,N/A,14.0,65.3,Bull,0.94,10.39,0.01,52.5,
APPF,203.95,4.07,0.46,7.2,N/A,N/A,13.2,61.9,Bull,0.56,21.51,0.6,52.5,
NHPBP,25.22,0.04,0.08,1.8,N/A,N/A,9.42,82.3,Bull,0.14,10.74,0.22,52.3,
WLDN,85.1,0.66,0.2,1.3,N/A,N/A,6.01,59.8,Bull,1.21,14.2,0.02,52.3,
DRTS,14.39,0.91,3.75,1.3,N/A,N/A,17.44,63.5,Bull,0.09,8.03,0.05,52.1,
SII,122.57,4.22,4.46,3.0,N/A,N/A,6.41,59.8,Bull,1.43,13.32,0.06,52.1,
INDI,4.26,-1.96,6.11,1.0,N/A,N/A,7.94,55.5,Bull,0.12,12.27,0.11,52.1,
SPSC,78.61,1.6,2.89,2.8,N/A,N/A,17.73,67.0,Bull,0.14,30.76,0.03,52.0,
PCVX,62.19,4.01,4.26,8.9,N/A,N/A,10.44,64.6,Bull,0.43,11.05,0.07,51.9,
FLYW,18.56,1.7,6.3,2.2,N/A,N/A,8.92,59.2,Bull,0.11,12.21,0.02,51.8,
REGN,817.07,0.84,2.51,83.4,N/A,N/A,13.66,79.9,Bull,2.22,25.62,0.01,51.6,
ADAMN,24.91,0.81,2.62,2.2,N/A,N/A,4.71,72.0,Bull,0.09,4.66,2.15,51.6,
SLB,54.01,1.49,2.65,79.0,N/A,N/A,6.13,61.5,Bull,0.32,13.29,0.01,51.5,
PKX,58.64,2.84,2.72,18.5,N/A,N/A,2.0,57.4,Bull,0.61,15.43,0.01,51.5,
BBT,32.5,-0.34,3.46,2.7,N/A,N/A,6.45,69.8,Bull,0.13,7.53,1.38,51.3,
NBR,95.15,1.37,6.08,1.5,N/A,N/A,9.03,61.9,Bull,1.49,11.7,0.01,51.3,
ZIM,27.28,-4.25,7.95,3.4,N/A,N/A,5.85,56.2,Bull,0.24,9.08,0.51,51.2,
RCUS,30.45,3.19,5.15,3.8,N/A,N/A,9.75,62.2,Bull,0.15,11.25,0.01,51.2,
SM,35.92,1.2,10.78,8.4,N/A,N/A,15.64,68.4,Bull,0.48,8.21,0.02,51.2,
ALM,16.09,3.14,11.97,4.5,N/A,N/A,6.38,58.5,Bull,0.49,12.6,0.04,51.1,
OMDA,23.91,0.67,0.29,1.5,N/A,N/A,13.11,60.6,Bull,0.2,9.48,0.01,51.1,
FBRX,76.93,0.07,0.2,1.6,N/A,N/A,44.95,84.5,Bear,-1.63,57.45,1.3,50.9,
MSGE,81.9,-3.49,3.19,3.9,N/A,N/A,6.71,56.1,Bull,0.55,7.11,0.64,50.8,
IMO,136.49,0.58,4.62,65.6,N/A,N/A,8.61,71.3,Bull,0.75,11.4,0.01,50.8,
OII,53.47,0.7,4.8,5.3,N/A,N/A,17.58,65.8,Bull,0.13,24.87,0.03,50.8,
NFLX,78.28,0.66,5.48,323.8,N/A,N/A,2.57,59.9,Bull,0.68,14.23,0.03,50.8,
BKR,64.67,0.36,0.61,64.0,N/A,N/A,6.33,64.4,Bull,0.3,14.68,0.01,50.7,
FIVE,241.73,1.35,1.5,13.2,N/A,N/A,12.29,68.8,Bull,0.87,19.29,0.02,50.7,
ALSN,127.59,1.71,3.23,10.4,N/A,N/A,6.52,61.2,Bull,0.76,12.32,0.01,50.7,
VRTX,533.78,1.06,1.53,133.9,N/A,N/A,9.46,66.4,Bull,3.27,10.74,0.01,50.6,
PHVS,36.1,2.21,4.88,2.5,N/A,N/A,7.65,57.9,Bull,0.17,4.79,1.17,50.5,
COP,129.99,0.21,2.8,155.8,N/A,N/A,10.44,69.7,Bull,0.98,10.16,0.02,50.5,
GILD,144.66,0.85,6.47,177.9,N/A,N/A,8.52,71.0,Bull,1.12,10.99,0.01,50.4,
CAVA,72.62,6.42,4.54,8.0,N/A,N/A,2.2,56.3,Bull,1.39,14.02,0.04,50.4,
TBN,38.0,1.79,4.48,1.1,N/A,N/A,10.94,69.3,Bull,0.47,9.6,0.03,50.3,
BTE,4.74,1.28,8.72,3.3,N/A,N/A,9.25,64.8,Bull,0.05,10.49,0.01,50.2,
PPC,31.17,9.41,16.05,6.8,Consumer Defensive,Packaged Foods,8.63,66.0,Bull,0.32,9.64,0.15,50.2,3.33
CMCSA,26.29,0.34,3.22,93.0,N/A,N/A,6.66,63.6,Bull,0.14,11.78,0.01,50.2,
GEL,16.16,1.0,1.83,2.0,N/A,N/A,6.38,67.0,Bull,0.1,11.85,0.01,50.1,
DAR,68.62,0.42,8.19,10.8,N/A,N/A,12.39,69.6,Bull,0.78,8.76,0.01,50.1,
FTI,79.16,1.11,5.23,30.7,N/A,N/A,9.77,66.5,Bull,0.72,9.91,0.03,50.0,
LOAR,77.41,0.95,5.28,7.2,N/A,N/A,8.1,60.8,Bull,0.58,10.6,0.03,49.9,
ITT,217.66,-0.0,0.52,19.5,N/A,N/A,7.45,67.6,Bull,1.03,12.78,0.01,49.8,
HLX,10.54,1.54,4.25,1.5,N/A,N/A,9.46,64.9,Bull,0.09,10.02,0.01,49.8,
TEN,42.37,0.8,7.77,1.3,N/A,N/A,8.7,66.6,Bull,0.33,10.18,0.03,49.8,
NE,46.11,1.9,4.61,7.2,N/A,N/A,6.99,65.1,Bull,0.53,11.11,0.01,49.7,
AVAL,5.47,1.02,2.15,6.4,N/A,N/A,7.91,60.9,Bull,0.03,10.7,0.01,49.7,
MANU,23.51,0.94,6.57,4.1,N/A,N/A,6.02,58.4,Bull,0.11,4.72,1.11,49.4,
CQP,68.72,1.61,3.21,33.3,N/A,N/A,7.32,59.9,Bull,0.29,9.13,0.84,49.4,
DINO,95.81,0.11,8.96,17.0,N/A,N/A,16.41,69.8,Bull,0.53,6.1,0.01,49.4,
S,22.31,-0.8,0.04,7.7,N/A,N/A,16.04,61.9,Bull,0.06,22.45,0.01,49.4,
RKT,14.94,6.79,6.33,39.6,N/A,N/A,5.55,56.7,Bull,0.13,11.16,0.04,49.2,
TRLV,9.6,-0.98,5.32,1.9,N/A,N/A,6.97,57.7,Bull,0.12,10.67,0.01,49.2,
ROIV,37.92,1.46,4.85,27.0,N/A,N/A,11.08,67.4,Bull,0.22,8.61,0.01,49.2,
FUBO,10.1,1.06,4.08,1.1,N/A,N/A,3.64,55.3,Bull,0.1,12.3,0.01,49.2,
VIST,70.82,1.55,7.29,7.8,N/A,N/A,4.97,57.9,Bull,0.56,10.81,0.09,49.1,
HASI,41.95,1.43,0.29,5.3,N/A,N/A,6.48,65.4,Bull,0.27,10.66,0.02,49.0,
PRCT,21.73,1.92,2.26,1.2,N/A,N/A,1.77,56.4,Bull,0.37,13.06,0.01,49.0,
AORT,29.38,1.64,2.57,1.4,N/A,N/A,11.34,64.9,Bull,0.11,16.85,0.02,48.9,
RIG,5.88,0.95,3.08,6.5,N/A,N/A,5.97,63.6,Bull,0.07,10.86,0.0,48.9,
INSW,100.01,1.26,8.26,4.9,N/A,N/A,12.62,66.7,Bull,0.42,12.48,0.03,48.8,
ALKT,20.31,0.82,0.47,2.2,N/A,N/A,11.28,64.3,Bull,0.08,16.7,0.01,48.7,
TRMD,31.32,3.71,8.11,3.1,N/A,N/A,6.59,62.4,Bull,0.15,10.09,0.18,48.7,
NGL,17.65,1.44,3.88,2.2,N/A,N/A,8.58,59.5,Bull,0.12,9.29,0.01,48.7,
CNQ,49.81,0.44,4.71,102.6,N/A,N/A,9.54,69.8,Bull,0.26,8.73,0.01,48.6,
BORR,4.5,1.53,9.44,1.4,N/A,N/A,1.66,58.5,Bull,0.08,11.89,0.08,48.4,
VAL,87.03,0.76,2.13,6.0,N/A,N/A,5.44,63.3,Bull,0.98,10.45,0.01,48.2,
WBD,28.48,-0.02,2.98,71.5,N/A,N/A,6.06,71.8,Bull,0.26,10.15,0.01,48.2,
EC,18.07,2.21,6.54,36.3,N/A,N/A,12.33,67.9,Bull,0.08,9.32,0.07,48.1,
DAN,30.8,0.03,3.7,3.3,N/A,N/A,5.16,62.2,Bull,0.39,10.33,0.01,48.0,
BTU,25.99,3.2,5.37,3.1,N/A,N/A,6.98,62.8,Bull,0.38,9.15,0.03,47.9,
MORN,208.19,-0.26,5.41,7.8,N/A,N/A,12.39,68.3,Bull,0.49,24.79,0.03,47.6,
IBRX,8.12,5.25,4.97,8.2,N/A,N/A,6.07,58.5,Bull,0.1,8.19,0.15,47.5,
DVN,48.47,1.34,8.05,52.6,N/A,N/A,8.68,66.6,Bull,0.46,8.0,0.02,47.5,
PDS,88.32,-0.33,6.38,1.1,N/A,N/A,6.09,63.1,Bull,1.4,4.31,0.62,47.5,
HAFN,8.07,3.79,7.81,3.9,N/A,N/A,7.13,64.5,Bull,0.05,7.24,0.21,47.5,
WES,49.8,2.49,3.49,20.6,N/A,N/A,9.61,74.1,Bull,0.17,10.49,0.91,47.3,
BKV,26.65,1.14,0.53,2.9,N/A,N/A,2.92,57.9,Bull,0.32,2.86,0.95,47.2,
CLBK,11.83,0.08,1.55,1.2,N/A,N/A,13.59,76.6,Bull,0.05,8.63,0.0,47.1,
CIB,97.8,0.15,2.1,23.3,N/A,N/A,14.91,70.9,Bull,0.25,21.63,0.02,47.1,
DMLP,28.11,0.21,2.26,1.4,N/A,N/A,7.42,74.0,Bull,0.19,8.06,0.04,47.1,
JANX,17.21,1.47,3.24,1.0,N/A,N/A,10.42,64.7,Bull,0.08,7.23,0.0,47.0,
VSNT,39.37,-0.3,3.96,5.5,N/A,N/A,4.48,59.4,Bull,0.35,9.67,0.01,47.0,
GWRE,177.71,-0.03,2.68,14.8,N/A,N/A,17.47,63.9,Bull,0.49,19.12,0.01,47.0,
ARMK,61.08,0.97,1.22,15.9,N/A,N/A,8.21,64.6,Bull,0.35,7.87,0.01,47.0,
SLDE,22.22,-0.18,6.36,2.6,N/A,N/A,10.06,62.1,Bull,0.09,12.5,0.02,46.9,
DLB,61.72,1.02,0.55,5.7,N/A,N/A,10.04,70.2,Bull,0.14,26.37,0.01,46.9,
CVSA,133.44,1.51,4.07,4.5,N/A,N/A,6.05,56.1,Bull,0.47,19.06,0.01,46.7,
SKY,94.1,3.56,0.23,4.9,N/A,N/A,10.36,61.6,Bull,0.36,14.74,0.01,46.7,
TX,54.9,2.25,0.02,10.5,N/A,N/A,12.59,67.9,Bull,0.14,22.82,0.01,46.5,
MTDR,57.85,1.07,10.17,7.1,N/A,N/A,10.92,68.2,Bull,1.04,6.01,0.01,46.5,
CRVS,15.08,1.69,0.2,1.2,N/A,N/A,6.82,61.3,Bull,0.13,7.79,0.02,46.4,
XERS,8.98,1.47,5.77,1.6,N/A,N/A,13.47,63.5,Bull,0.05,4.42,0.03,46.4,
TRGP,298.15,0.13,10.97,63.9,N/A,N/A,10.86,68.5,Bull,3.41,5.88,0.02,46.4,
NMM,83.4,0.82,4.73,2.4,N/A,N/A,9.12,67.7,Bull,0.29,16.94,0.02,46.3,
COHU,58.66,-0.95,4.49,2.8,N/A,N/A,8.96,56.1,Bull,1.34,6.63,0.02,46.3,
BTX,9.01,0.34,2.53,2.1,N/A,N/A,6.4,60.7,Bull,0.09,7.52,0.05,46.2,
NRIX,27.18,0.95,2.08,2.8,N/A,N/A,18.3,72.9,Bull,0.07,17.58,0.06,46.1,
HCM,12.31,-2.61,0.49,2.2,N/A,N/A,4.88,58.9,Bull,0.06,10.7,0.04,46.1,
BCE,23.46,0.43,1.43,21.8,N/A,N/A,3.53,63.6,Bull,0.15,9.22,0.0,46.0,
NBTX,42.65,3.82,8.14,2.0,N/A,N/A,10.29,59.6,Bull,0.38,5.62,0.02,45.9,
ICUI,183.76,0.68,0.92,4.6,N/A,N/A,14.31,68.6,Bull,0.45,15.74,0.7,45.9,
BRSL,11.18,1.64,0.86,2.0,N/A,N/A,2.7,56.6,Bull,0.08,9.26,0.01,45.7,
HRTG,33.53,-0.46,1.74,1.0,N/A,N/A,16.14,65.1,Bull,0.06,24.02,0.02,45.6,
XOM,165.95,0.24,4.55,680.8,N/A,N/A,9.41,72.8,Bull,0.77,8.14,0.02,45.5,
ET,21.57,0.7,2.96,73.8,N/A,N/A,8.24,74.4,Bull,0.1,7.66,0.08,45.4,
SQM,75.6,1.51,6.1,21.3,N/A,N/A,2.31,59.3,Bull,0.9,8.29,0.12,45.4,
BLFS,36.62,4.81,4.72,1.7,N/A,N/A,20.04,76.5,Bull,0.09,17.56,0.05,45.4,
BHP,92.78,4.14,2.95,226.4,N/A,N/A,8.53,64.2,Bull,0.34,15.05,0.06,45.3,
PR,22.5,0.67,4.9,18.7,N/A,N/A,10.14,66.5,Bull,0.14,5.14,0.01,45.3,
FIVN,32.38,-0.23,3.77,2.4,N/A,N/A,21.0,61.1,Bull,0.02,41.07,0.01,45.1,
GPOR,171.77,0.46,1.32,3.0,N/A,N/A,3.88,63.3,Bull,1.35,7.95,0.01,45.0,
RES,6.39,1.11,1.43,1.4,N/A,N/A,4.8,60.1,Bull,0.09,7.59,0.01,45.0,
SNDK,1652.96,1.67,22.96,238.0,N/A,N/A,9.56,55.7,Bull,64.3,3.36,0.2,44.8,
SDRL,47.51,2.2,1.69,2.9,N/A,N/A,7.46,61.4,Bull,0.33,6.0,0.01,44.8,
OKE,97.46,0.4,5.4,61.2,N/A,N/A,8.43,70.2,Bull,0.88,5.41,0.01,44.7,
CVX,204.38,-0.66,3.95,406.5,N/A,N/A,7.9,67.2,Bull,1.01,5.9,0.02,44.7,
WFRD,93.49,1.56,0.85,6.6,N/A,N/A,3.62,57.9,Bull,0.65,7.66,0.01,44.6,
JOE,68.2,1.31,0.44,3.8,N/A,N/A,5.25,64.9,Bull,0.28,12.63,0.02,44.6,
UMH,16.28,0.87,1.32,1.4,N/A,N/A,5.6,64.7,Bull,0.08,6.56,0.02,44.5,
SSL,12.08,1.94,5.23,7.7,N/A,N/A,5.37,60.5,Bull,0.07,6.71,0.01,44.5,
THC,270.21,2.14,4.15,21.8,N/A,N/A,20.42,71.6,Bear,-0.28,35.65,0.52,44.3,
MZTI,116.56,0.85,0.57,3.2,N/A,N/A,2.53,58.7,Bull,0.57,8.8,0.02,44.3,
MGY,27.18,1.04,3.11,6.4,N/A,N/A,4.1,60.4,Bull,0.31,6.94,0.01,44.1,
VIR,9.87,4.0,10.16,1.6,N/A,N/A,6.56,64.0,Bull,0.11,5.56,0.02,44.0,
FANG,211.0,0.47,5.64,58.8,N/A,N/A,8.5,65.3,Bull,1.51,4.5,0.02,43.9,
TH,17.47,0.0,8.24,1.7,N/A,N/A,3.99,55.4,Bull,0.29,6.78,0.01,43.9,
UGI,38.5,0.29,9.69,8.2,N/A,N/A,7.79,69.1,Bull,0.27,4.53,0.04,43.7,
KOS,2.76,0.55,9.76,1.6,N/A,N/A,9.32,61.0,Bull,0.03,3.96,0.01,43.7,
NTNX,65.9,0.11,1.93,17.8,N/A,N/A,16.21,69.5,Bull,0.15,19.64,0.0,43.7,
OSCR,30.81,-1.5,4.05,9.7,N/A,N/A,7.73,53.8,Bull,0.17,4.44,0.03,43.6,
LYB,65.68,0.54,4.59,21.1,N/A,N/A,6.21,63.0,Bull,0.49,5.39,0.0,43.5,
FUL,60.76,1.45,0.98,3.2,N/A,N/A,2.29,54.0,Bull,0.34,7.14,0.01,43.4,
GEHC,73.78,1.58,2.08,32.8,N/A,N/A,8.76,65.1,Bull,0.2,20.21,0.01,43.4,
CELH,30.36,1.54,9.92,7.6,N/A,N/A,2.69,55.7,Bull,0.34,6.64,0.02,43.2,
MESO,16.91,1.41,0.74,2.2,N/A,N/A,8.66,58.6,Bull,0.13,3.71,0.02,43.2,
PSUS,39.5,0.89,1.02,1.0,N/A,N/A,2.37,58.1,Bull,0.19,7.48,0.01,43.1,
HAL,35.21,1.59,5.77,28.9,N/A,N/A,1.94,59.5,Bull,0.44,6.6,0.03,42.8,
MAZE,29.71,1.99,7.92,1.6,N/A,N/A,5.22,59.9,Bull,0.15,5.65,0.01,42.8,
GLNG,52.59,0.81,2.98,5.3,N/A,N/A,3.63,63.6,Bull,0.35,5.92,0.01,42.8,
CSGP,31.7,1.02,3.93,12.7,N/A,N/A,1.86,55.3,Bull,0.22,6.81,0.01,42.8,
SPOT,524.97,1.68,7.23,106.3,N/A,N/A,7.25,59.1,Bull,2.19,9.8,0.02,42.8,
SUPN,49.44,0.85,3.29,2.8,N/A,N/A,4.62,59.6,Bull,0.32,5.34,0.01,42.7,
ROKU,157.52,-0.16,3.77,23.4,N/A,N/A,10.35,75.6,Bull,0.62,10.09,0.01,42.7,
IDYA,39.05,2.95,5.65,3.7,N/A,N/A,10.4,66.3,Bull,0.14,11.57,0.03,42.7,
RELY,25.55,0.41,5.43,5.4,N/A,N/A,9.56,58.1,Bull,0.11,7.2,0.01,42.6,
DHCNI,18.33,-0.11,2.12,4.4,N/A,N/A,2.47,58.5,Bull,0.08,0.22,1.35,42.3,
CHRD,144.95,0.7,5.36,7.9,N/A,N/A,9.03,63.2,Bull,0.67,5.49,0.02,42.3,
DASH,217.12,0.36,2.18,93.7,N/A,N/A,12.7,66.0,Bull,0.41,22.16,0.04,42.2,
PWR,681.84,-2.06,0.56,102.6,N/A,N/A,1.72,52.4,Bull,4.95,6.02,0.03,42.2,
A,152.1,2.46,2.6,41.9,N/A,N/A,10.73,73.2,Bull,0.42,16.76,0.07,42.1,
CWK,14.46,2.14,4.72,3.3,N/A,N/A,6.32,59.1,Bull,0.07,5.87,0.03,42.1,
NOV,21.14,0.71,1.1,7.5,N/A,N/A,5.84,59.3,Bull,0.11,3.98,0.01,42.0,
ASAN,9.35,2.02,3.95,2.1,N/A,N/A,16.51,59.8,Bull,0.01,22.96,0.01,41.9,
SU,68.3,0.92,6.92,79.2,N/A,N/A,8.47,65.8,Bull,0.31,5.53,0.01,41.9,
MDT,92.27,0.2,1.66,117.9,N/A,N/A,8.48,71.0,Bull,0.33,12.68,0.03,41.9,
EQIX,1082.67,-0.22,1.26,107.1,N/A,N/A,2.82,56.9,Bull,5.55,5.33,0.01,41.8,
MEOH,58.34,1.37,8.24,4.5,N/A,N/A,6.71,62.1,Bull,0.4,3.35,0.0,41.7,
ERIE,256.95,3.71,0.12,11.9,N/A,N/A,7.06,58.4,Bull,0.7,13.72,0.65,41.7,
AVTX,20.31,3.04,3.89,1.1,N/A,N/A,10.77,60.5,Bull,0.07,11.9,0.01,41.7,
OVV,65.64,0.96,3.87,18.4,N/A,N/A,10.38,65.9,Bull,0.26,8.49,0.02,41.6,
OXY,59.93,0.22,2.36,59.8,N/A,N/A,6.99,63.5,Bull,0.29,4.23,0.03,41.6,
AKTS,25.56,2.22,6.48,1.4,N/A,N/A,6.58,57.2,Bull,0.27,3.0,0.03,41.5,
PURR,7.21,0.13,6.81,1.4,N/A,N/A,1.1,54.5,Bull,0.13,5.25,0.06,41.3,
STNG,80.79,1.83,6.7,4.1,N/A,N/A,4.89,59.5,Bull,0.49,3.56,0.01,41.1,
GPCR,54.3,1.44,0.72,3.8,N/A,N/A,8.64,60.5,Bull,0.22,7.72,0.01,40.8,
FDX,332.02,1.11,1.61,77.7,N/A,N/A,4.16,59.7,Bull,1.88,3.43,0.02,40.7,
NOC,583.26,-1.0,1.03,83.7,N/A,N/A,4.81,62.1,Bull,2.24,11.04,0.05,40.7,
RCI,36.08,0.47,0.67,19.4,N/A,N/A,2.96,60.4,Bull,0.24,4.1,0.01,40.6,
FROG,89.8,-1.97,4.37,11.3,N/A,N/A,7.48,53.3,Bull,0.72,1.42,0.02,40.3,
BULL,8.01,0.95,4.37,4.2,N/A,N/A,9.68,59.9,Bull,0.05,-1.17,0.04,40.2,
ICL,5.48,1.29,0.18,7.0,N/A,N/A,2.92,58.7,Bull,0.03,3.01,0.09,40.2,
PEGA,32.32,-0.55,3.36,5.3,N/A,N/A,0.85,53.4,Bull,0.17,4.73,0.01,40.2,
EXPD,188.22,1.22,2.03,24.2,N/A,N/A,8.75,66.1,Bull,0.8,6.07,0.01,40.2,
VOR,24.08,3.41,7.77,1.4,N/A,N/A,22.84,68.0,Bear,-0.02,33.08,0.03,40.2,
AGRO,10.42,6.22,12.16,1.4,N/A,N/A,1.92,58.3,Bull,0.09,3.48,0.08,40.1,
QSR,77.0,0.57,2.8,34.8,N/A,N/A,3.3,58.9,Bull,0.37,5.2,0.01,40.1,
GLP,50.75,-0.26,1.48,1.7,N/A,N/A,5.73,62.9,Bull,0.19,5.55,0.62,40.0,
CBZ,54.74,0.03,0.3,3.0,N/A,N/A,21.64,80.5,Bear,-0.53,35.71,0.01,40.0,
ASST,13.09,2.27,5.65,1.1,N/A,N/A,2.0,54.8,Bull,0.16,3.31,0.07,39.9,
SFL,12.65,1.81,7.06,1.8,N/A,N/A,8.68,66.1,Bull,0.04,13.91,0.06,39.9,
WMB,75.61,0.63,2.58,91.9,N/A,N/A,3.28,58.7,Bull,0.5,3.06,0.01,39.7,
OXLC,9.39,1.24,0.68,1.6,N/A,N/A,5.73,64.7,Bull,0.04,8.67,0.03,39.7,
MOH,203.61,0.27,4.66,10.6,N/A,N/A,0.03,48.7,Bull,1.26,-10.12,0.56,39.7,
MKC,55.4,0.23,4.6,14.9,N/A,N/A,7.12,65.8,Bull,0.24,6.06,0.02,39.6,
FLNG,32.37,4.08,9.73,1.7,N/A,N/A,6.26,63.3,Bull,0.13,5.54,0.22,39.6,
ADEA,28.42,1.41,1.09,3.1,N/A,N/A,0.34,50.8,Bull,0.18,4.17,0.02,39.5,
DFH,15.59,9.06,8.3,1.3,Consumer Cyclical,Residential Construction,3.62,53.8,Bull,0.14,2.06,0.06,39.3,3.0
SYF,81.22,0.79,2.28,30.0,N/A,N/A,6.9,65.7,Bull,0.27,12.03,0.01,38.9,
STEP,48.69,0.44,1.24,5.9,N/A,N/A,5.3,55.1,Bull,0.12,18.45,0.01,38.7,
KMI,32.85,-0.06,3.53,73.2,N/A,N/A,2.97,60.4,Bull,0.17,2.05,0.02,38.7,
CVLT,142.7,-0.08,0.67,5.9,N/A,N/A,6.72,54.1,Bull,0.82,-3.46,0.03,38.6,
HURN,152.28,0.6,1.31,2.4,N/A,N/A,17.01,62.2,Bear,-1.2,36.53,0.01,38.6,
HOG,27.42,0.71,5.59,2.8,N/A,N/A,6.7,57.8,Bull,0.14,-0.72,0.01,38.4,
LLY,1253.01,2.23,2.83,1153.8,N/A,N/A,7.99,62.0,Bull,4.52,7.89,0.14,38.3,
MU,944.23,0.37,3.62,1062.5,N/A,N/A,4.62,52.5,Bull,13.7,-1.59,0.11,38.2,
ITGR,125.22,0.11,0.12,4.3,N/A,N/A,16.95,82.1,Bear,-0.23,29.69,0.01,38.2,
OCSL,12.98,0.35,1.92,1.1,N/A,N/A,6.51,63.0,Bull,0.05,6.87,0.01,37.7,
PBT,33.17,0.76,1.41,1.5,N/A,N/A,13.56,63.2,Bull,0.06,15.54,0.39,37.7,
PGEN,7.0,3.7,2.19,2.4,N/A,N/A,22.0,63.9,Bear,-0.02,27.5,0.02,37.7,
STX,893.23,-1.16,1.71,204.8,N/A,N/A,4.44,52.0,Bull,11.95,-1.64,0.05,37.6,
CHDN,89.05,0.46,0.59,6.2,N/A,N/A,2.01,55.1,Bull,0.36,8.41,0.0,37.6,
MIY,12.5,0.73,0.76,1.9,N/A,N/A,2.88,66.3,Bull,0.03,1.25,1.94,37.4,
HLT,329.83,0.64,2.26,73.8,N/A,N/A,1.28,55.6,Bull,1.76,1.73,0.01,37.4,
ACMR,84.15,-0.26,3.56,5.9,N/A,N/A,0.01,49.9,Bull,1.02,1.98,0.04,37.3,
RXRX,3.29,6.48,0.0,1.7,N/A,N/A,1.37,53.4,Bull,0.01,10.41,0.17,37.3,
USAC,26.67,-0.89,3.21,3.9,N/A,N/A,1.6,54.7,Bull,0.1,0.9,1.01,37.2,
FLR,53.65,0.43,3.11,7.1,N/A,N/A,4.98,54.7,Bull,0.24,3.99,0.0,37.2,
LKQ,25.64,1.95,3.76,6.4,N/A,N/A,0.51,54.7,Bull,0.17,1.79,0.0,37.1,
DMC,30.86,1.41,2.49,1.4,N/A,N/A,2.29,62.5,Bull,0.13,6.26,0.01,37.1,
CART,48.81,-0.25,0.74,11.3,N/A,N/A,6.26,57.2,Bull,0.17,9.12,0.03,37.0,
MBLY,8.9,0.34,1.14,7.5,N/A,N/A,0.73,52.2,Bull,0.09,1.37,0.03,37.0,
EXLS,35.63,0.45,3.79,5.4,N/A,N/A,13.74,66.2,Bear,-0.02,32.8,0.01,36.9,
AGIO,35.31,2.65,3.22,2.1,N/A,N/A,3.45,54.9,Bull,0.29,-2.05,0.01,36.8,
BIIB,215.83,1.54,3.33,31.4,N/A,N/A,5.89,61.2,Bull,0.76,9.15,0.02,36.8,
VERX,13.02,1.48,5.85,2.1,N/A,N/A,4.06,54.3,Bull,0.06,1.72,0.01,36.8,
MHK,137.94,3.82,0.79,9.0,N/A,N/A,13.85,63.9,Bull,0.12,23.71,0.01,36.7,
FHI,63.89,-0.41,1.41,4.8,N/A,N/A,6.84,65.3,Bull,0.09,11.8,1.4,36.7,
IQMX,10.57,7.86,16.09,2.6,Technology,Computer Hardware,0.11,53.8,Bull,0.12,-7.85,0.18,36.6,3.0
DMRA,32.53,2.31,4.95,2.0,N/A,N/A,13.53,63.9,Bull,0.1,8.49,0.01,36.6,
MATX,218.28,-0.76,6.79,6.5,N/A,N/A,7.1,60.5,Bull,0.91,-0.23,0.45,36.4,
SNX,259.79,-0.0,1.79,20.8,N/A,N/A,3.03,54.8,Bull,1.03,7.08,0.01,36.4,
KEX,142.02,1.64,4.48,7.4,N/A,N/A,2.32,57.3,Bull,0.94,-1.48,0.01,36.2,
DNTH,117.5,1.7,4.53,6.5,N/A,N/A,15.21,63.0,Bull,0.24,14.34,0.03,36.2,
LKFT,28.8,2.89,3.11,1.8,N/A,N/A,1.51,56.1,Bull,0.18,-4.03,0.06,36.2,
VNOM,43.83,0.6,5.46,15.7,N/A,N/A,2.26,57.7,Bull,0.25,-1.62,0.01,36.2,
CTSH,57.99,0.37,0.23,26.0,N/A,N/A,12.14,65.3,Bear,-0.0,30.68,0.0,36.1,
DOW,31.41,0.71,2.75,22.5,N/A,N/A,1.04,56.1,Bull,0.19,0.51,0.01,36.1,
RLAY,20.92,1.5,4.24,4.5,N/A,N/A,13.64,67.1,Bull,0.06,8.56,0.04,36.0,
AQNB,26.05,1.7,1.8,20.0,N/A,N/A,1.9,77.7,Bull,0.03,2.16,7.76,35.9,
DOCU,60.67,1.1,4.42,11.5,N/A,N/A,13.64,60.7,Bull,0.02,26.69,0.01,35.9,
INVX,30.43,0.93,0.13,2.1,N/A,N/A,9.0,59.3,Bull,0.08,11.92,0.01,35.8,
BAND,54.97,3.83,5.77,1.7,N/A,N/A,1.24,50.8,Bull,0.88,-23.45,0.02,35.8,
IT,180.99,-0.59,0.85,11.5,N/A,N/A,13.23,60.3,Bear,-0.12,29.1,0.0,35.7,
ASTH,39.6,1.12,10.65,1.9,N/A,N/A,0.93,51.7,Bull,0.59,-5.58,0.01,35.6,
KNSA,80.28,0.99,2.73,6.2,N/A,N/A,19.21,67.5,Bear,-0.14,25.54,0.03,35.4,
GSHD,65.58,1.23,0.05,2.3,N/A,N/A,15.44,58.1,Bear,-0.75,27.59,0.01,35.4,
BG,115.0,0.56,3.56,22.0,N/A,N/A,0.69,56.0,Bull,0.81,-2.87,0.01,35.4,
MRP,30.17,0.77,1.38,5.0,N/A,N/A,4.49,61.6,Bull,0.12,5.46,0.01,35.3,
AM,22.76,0.31,2.34,10.8,N/A,N/A,3.54,58.9,Bull,0.11,0.65,0.01,35.3,
DIS,104.35,0.38,1.09,179.5,N/A,N/A,3.96,58.9,Bull,0.36,8.85,0.01,35.2,
WEC,111.52,0.42,3.1,36.2,N/A,N/A,0.38,55.2,Bull,0.56,-0.85,0.02,35.2,
IMCR,36.6,1.61,5.35,1.7,N/A,N/A,11.36,67.2,Bull,0.13,4.69,0.02,35.1,
T,24.94,0.16,2.85,170.6,N/A,N/A,6.15,65.1,Bull,0.08,8.25,0.01,35.0,
SBGI,14.5,0.97,4.47,1.0,N/A,N/A,2.63,54.1,Bull,0.06,4.92,0.01,34.9,
TAK,18.26,1.16,4.88,57.0,N/A,N/A,7.71,67.3,Bull,0.06,6.47,0.05,34.7,
KRP,14.96,0.35,1.59,1.7,N/A,N/A,3.59,61.6,Bull,0.07,2.06,0.01,34.6,
CLX,107.0,1.37,1.17,12.8,N/A,N/A,7.75,65.6,Bull,0.27,13.04,0.02,34.6,
ORC,6.73,0.9,1.66,1.3,N/A,N/A,2.12,60.6,Bull,0.03,2.14,0.07,34.3,
W,106.32,4.56,3.29,13.9,N/A,N/A,15.52,60.3,Bear,-0.02,26.13,0.01,34.0,
TFPM,32.36,5.2,0.34,6.4,N/A,N/A,6.39,60.9,Bull,0.09,10.75,0.05,34.0,
SNY,45.5,1.18,4.1,109.7,N/A,N/A,4.21,64.2,Bull,0.19,1.88,0.02,33.7,
CGON,77.7,1.85,0.92,6.8,N/A,N/A,9.26,60.5,Bull,0.18,12.11,0.01,33.4,
CDRE,33.84,1.17,0.36,1.4,N/A,N/A,8.09,59.5,Bull,0.06,16.39,0.01,33.2,
SUNC,78.46,0.69,3.8,4.0,N/A,N/A,10.41,69.4,Bull,0.24,6.86,0.0,33.2,
TTE,90.89,1.79,3.64,194.8,N/A,N/A,6.45,67.8,Bull,0.29,7.04,0.06,33.1,
BPYPM,16.36,1.55,0.55,20.3,N/A,N/A,1.28,56.1,Bull,0.04,2.12,1.41,33.0,
ELF,96.99,4.84,4.71,5.5,N/A,N/A,21.08,67.9,Bear,-0.06,22.72,0.02,32.9,
CIGI,106.15,1.32,5.24,5.4,N/A,N/A,5.94,59.2,Bull,0.39,4.15,0.0,32.9,
ECCC,25.1,0.72,2.03,1.5,N/A,N/A,1.99,66.1,Bull,0.02,1.2,4.05,32.8,
ZG,35.73,1.28,6.69,7.9,N/A,N/A,3.41,56.1,Bull,0.09,13.97,0.01,32.8,
COLD,15.05,1.28,3.08,4.2,N/A,N/A,2.5,53.8,Bull,0.07,-1.63,0.01,32.5,
SXT,130.95,0.62,0.47,5.5,N/A,N/A,7.3,59.7,Bull,0.16,20.08,0.01,32.4,
FRHC,160.8,6.87,6.49,10.3,N/A,N/A,7.34,59.5,Bull,0.2,0.47,2.35,32.4,
MSI,470.57,0.23,0.18,77.7,N/A,N/A,8.13,64.6,Bull,0.97,13.85,0.01,32.4,
TNET,69.84,4.02,4.93,3.2,N/A,N/A,18.61,64.5,Bear,-0.54,15.5,0.88,32.2,
TMUS,183.96,0.66,3.86,196.0,N/A,N/A,0.72,53.7,Bull,0.83,-3.65,0.01,32.2,
ATAT,36.01,2.59,6.41,4.8,N/A,N/A,5.84,60.6,Bull,0.09,11.73,0.03,32.2,
IBP,252.01,5.62,3.73,6.3,N/A,N/A,7.72,60.4,Bull,0.57,11.96,0.03,32.1,
LEN,88.96,4.73,4.41,20.5,N/A,N/A,2.54,55.7,Bull,0.28,8.28,0.08,32.0,
EOG,148.87,0.11,4.0,78.0,N/A,N/A,6.57,61.2,Bull,0.54,3.38,0.01,32.0,
WMS,150.2,4.23,6.88,10.9,N/A,N/A,3.54,55.4,Bull,0.51,5.96,0.03,31.9,
CDLR,23.32,-0.26,0.47,2.0,N/A,N/A,0.48,53.8,Bull,0.08,1.3,0.88,31.9,
HSY,184.61,0.63,0.99,36.9,N/A,N/A,2.35,59.0,Bull,0.58,8.54,0.01,31.8,
GIS,38.92,2.21,1.94,20.4,N/A,N/A,6.67,61.4,Bull,0.13,5.45,0.02,31.7,
FIG,26.35,1.32,10.96,13.9,N/A,N/A,13.2,57.2,Bull,0.01,22.75,0.03,31.7,
EWTX,45.49,3.14,4.44,4.8,N/A,N/A,11.93,60.0,Bull,0.07,14.42,0.01,31.7,
HPQ,30.17,0.72,3.06,27.4,N/A,N/A,14.66,62.2,Bull,0.02,20.22,0.01,31.4,
CAG,15.86,2.19,6.02,7.5,N/A,N/A,8.84,65.9,Bull,0.04,8.17,0.02,31.3,
Z,35.51,2.73,6.78,7.8,N/A,N/A,3.28,56.1,Bull,0.11,7.52,0.02,31.3,
CVCO,603.1,3.13,0.79,4.5,N/A,N/A,5.0,56.7,Bull,1.89,6.51,0.04,31.3,
CXM,6.91,0.0,2.52,1.6,N/A,N/A,13.36,63.7,Bear,-0.01,24.28,0.01,31.1,
BPYPO,15.36,-0.16,0.79,19.0,N/A,N/A,1.14,55.1,Bull,0.01,0.72,3.21,31.1,
VZ,48.85,0.64,3.98,201.7,N/A,N/A,6.03,65.7,Bull,0.12,10.3,0.02,31.0,
TR,40.51,0.77,2.4,3.0,N/A,N/A,2.86,58.5,Bull,0.1,4.22,0.97,30.9,
NTR,70.39,1.43,4.78,33.4,N/A,N/A,4.37,61.5,Bull,0.23,5.59,0.01,30.8,
JNJ,272.13,0.38,4.32,653.3,N/A,N/A,7.15,67.6,Bull,0.79,6.45,0.04,30.7,
IQV,245.39,2.23,1.52,39.5,N/A,N/A,13.89,65.5,Bear,-0.74,23.61,0.01,30.6,
EMN,74.47,2.01,2.66,8.3,N/A,N/A,4.28,60.8,Bull,0.21,8.56,0.01,30.4,
BVS,14.3,3.03,3.25,1.2,N/A,N/A,19.02,63.6,Bear,-0.06,15.04,0.71,30.4,
OPY,116.95,-0.19,2.04,1.3,N/A,N/A,6.09,58.9,Bull,0.33,5.98,0.16,30.4,
SUNB,80.52,2.19,0.04,32.3,N/A,N/A,4.56,54.6,Bull,0.21,9.69,0.05,30.2,
WEX,192.42,0.36,1.24,6.5,N/A,N/A,12.84,64.4,Bear,-0.92,23.6,0.01,30.1,
MANH,198.19,-0.1,2.89,11.6,N/A,N/A,17.04,65.1,Bear,-0.37,21.45,0.01,30.0,
IRM,127.13,0.36,2.23,37.7,N/A,N/A,2.39,54.3,Bull,0.48,2.1,0.02,29.8,
STVN,21.52,1.51,1.27,6.4,N/A,N/A,10.58,64.8,Bull,0.04,12.26,0.02,29.7,
IVZ,32.54,0.5,3.87,14.3,N/A,N/A,9.99,66.5,Bull,0.08,7.41,0.01,29.6,
DAC,145.3,-0.67,7.61,2.6,N/A,N/A,8.69,64.1,Bull,0.16,10.53,0.84,29.5,
MANE,113.83,2.26,4.38,4.7,N/A,N/A,5.53,53.9,Bull,0.37,3.62,0.01,29.5,
EQNR,42.06,0.54,3.62,104.6,N/A,N/A,10.88,65.8,Bull,0.1,6.29,0.1,29.4,
TOP,12.46,9.59,3.45,1.6,Financial Services,Capital Markets,29.53,62.9,Bear,-0.02,11.75,0.92,29.4,
WAT,417.63,4.08,0.36,39.4,N/A,N/A,9.55,64.8,Bull,0.66,13.18,0.04,29.4,
E,56.34,0.73,2.21,88.0,N/A,N/A,7.23,64.4,Bull,0.12,10.3,0.02,29.4,
CRM,196.57,0.22,1.68,160.6,N/A,N/A,8.77,59.4,Bull,0.11,20.59,0.02,29.2,
PCTY,147.7,0.25,1.39,7.8,N/A,N/A,13.53,61.9,Bear,-0.7,22.28,0.02,29.2,
DX,13.27,0.64,2.27,3.3,N/A,N/A,3.05,64.2,Bull,0.04,3.79,0.04,29.2,
NUVB,6.96,7.41,9.26,2.4,N/A,N/A,16.4,62.2,Bear,-0.01,11.18,1.15,29.0,
NEOG,11.96,3.37,4.36,2.5,N/A,N/A,14.76,64.4,Bull,0.0,19.48,0.02,28.9,
KT,19.03,1.33,2.7,9.1,N/A,N/A,2.32,59.3,Bull,0.06,5.72,0.02,28.8,
NRP,103.08,0.21,0.81,1.4,N/A,N/A,1.19,56.5,Bull,0.3,7.71,0.01,28.8,
ETW,9.78,-0.61,0.26,1.1,N/A,N/A,3.34,64.1,Bull,0.02,3.64,0.81,28.8,
BRKR,60.89,7.09,2.73,8.7,N/A,N/A,8.29,56.0,Bull,0.17,4.57,0.05,28.8,
CNMD,50.62,2.76,2.3,1.5,N/A,N/A,16.43,65.8,Bear,-0.25,20.52,0.01,28.8,
CHRN,23.53,6.04,22.11,3.4,N/A,N/A,13.28,55.5,Bull,0.05,-7.29,0.93,28.8,
BOBS,18.39,0.27,0.22,2.4,N/A,N/A,12.94,59.2,Bear,-0.0,18.49,0.4,28.3,
RIO,99.4,2.81,0.36,121.4,N/A,N/A,4.37,60.4,Bull,0.22,10.09,0.05,28.1,
PGY,20.5,0.89,0.94,1.7,N/A,N/A,12.29,56.0,Bear,-0.12,21.59,0.04,28.1,
ADPT,25.96,5.7,2.81,3.9,N/A,N/A,18.94,65.1,Bear,-0.05,18.27,0.01,27.8,
ARWR,88.44,0.61,1.36,12.4,N/A,N/A,7.5,57.5,Bear,-0.13,23.43,0.06,27.7,
MAN,59.17,-0.52,5.25,2.8,N/A,N/A,24.82,68.7,Bear,-0.27,14.54,0.34,27.3,
ENVA,262.0,-0.72,1.9,6.5,N/A,N/A,13.07,63.9,Bear,-0.5,14.68,0.7,27.0,
NEO,16.59,4.34,1.04,2.0,N/A,N/A,16.6,62.1,Bear,-0.06,18.42,0.02,26.9,
DOX,57.93,0.09,1.14,6.2,N/A,N/A,2.9,57.3,Bull,0.12,10.08,0.01,26.7,
FSCO,5.14,-0.19,0.78,1.0,N/A,N/A,4.16,69.1,Bull,0.01,5.93,0.07,26.6,
TOST,35.03,0.23,2.85,20.2,N/A,N/A,13.11,63.9,Bear,-0.1,19.92,0.01,26.5,
OGS,81.39,0.42,2.11,5.1,N/A,N/A,2.71,61.1,Bull,0.26,2.93,0.02,26.5,
SHG,76.19,1.78,3.44,35.5,N/A,N/A,7.66,61.4,Bull,0.16,7.85,0.02,26.5,
SHEL,93.11,1.2,4.28,261.8,N/A,N/A,7.65,68.6,Bull,0.2,7.01,0.06,26.3,
DUOL,139.64,7.28,3.1,6.5,N/A,N/A,9.22,55.5,Bear,-0.12,11.97,1.14,26.1,
POR,50.72,0.35,3.94,5.9,N/A,N/A,0.3,52.4,Bull,0.19,-4.15,0.01,26.0,
BLCO,17.04,0.24,1.01,6.1,N/A,N/A,3.72,58.8,Bull,0.02,6.57,1.01,26.0,
DK,68.22,1.5,6.69,4.2,N/A,N/A,17.86,62.4,Bear,-0.03,7.86,1.1,26.0,
TRVI,19.17,1.75,8.12,2.7,N/A,N/A,10.23,60.3,Bull,0.03,10.43,0.01,26.0,
LBRDP,22.1,0.0,1.98,3.2,N/A,N/A,1.63,61.3,Bull,0.04,1.31,1.33,25.8,
LNG,273.68,-0.04,2.08,56.5,N/A,N/A,6.28,60.0,Bull,0.78,2.57,0.01,25.8,
QTWO,63.25,0.65,1.12,3.9,N/A,N/A,11.89,60.9,Bear,-0.34,19.66,0.01,25.7,
CERT,8.18,2.17,2.17,1.2,N/A,N/A,14.65,63.2,Bear,-0.06,18.1,0.01,25.5,
OXLCO,24.0,0.42,0.52,4.2,N/A,N/A,0.83,56.1,Bear,-0.0,-0.1,2.98,25.3,
PHG,27.29,0.7,1.83,26.6,N/A,N/A,1.98,55.6,Bull,0.09,1.26,0.02,25.3,
HGTY,12.81,-0.39,0.23,4.4,N/A,N/A,6.81,57.2,Bull,0.01,9.3,1.09,25.3,
IRON,81.07,1.08,0.59,3.1,N/A,N/A,7.29,60.9,Bull,0.14,9.08,0.01,25.2,
BR,170.71,0.5,0.85,19.4,N/A,N/A,8.73,62.3,Bull,0.17,13.87,0.0,25.1,
MCRI,123.27,-0.31,0.81,2.2,N/A,N/A,0.55,49.7,Bull,0.21,4.96,0.99,25.1,
PAX,11.32,0.58,1.94,1.8,N/A,N/A,1.35,54.3,Bull,0.03,4.34,0.01,25.0,
MBC,9.27,4.75,0.65,1.8,N/A,N/A,3.88,54.5,Bull,0.02,10.36,0.02,24.9,
EIX,74.21,0.71,6.93,28.4,N/A,N/A,1.69,54.4,Bull,0.25,-7.68,0.01,24.8,
JLL,377.06,1.63,3.95,17.1,N/A,N/A,10.95,67.4,Bull,0.15,16.36,0.01,24.8,
MBX,67.65,1.71,1.02,3.2,N/A,N/A,16.74,59.3,Bear,-0.56,16.05,0.03,24.7,
ARLP,25.72,0.19,2.47,3.3,N/A,N/A,4.13,62.5,Bull,0.06,5.76,0.01,24.5,
RPRX,60.17,0.81,2.02,34.3,N/A,N/A,6.24,62.9,Bull,0.14,5.45,0.01,24.4,
DBX,34.13,0.77,1.49,7.6,N/A,N/A,10.4,58.2,Bear,-0.17,18.96,0.01,24.3,
ESNT,69.99,0.59,2.5,6.3,N/A,N/A,7.15,66.4,Bull,0.13,7.58,0.01,24.2,
KC,11.95,10.24,1.7,3.2,Technology,Software - Application,5.38,56.5,Bear,-0.03,18.91,0.31,24.2,4.79
ADBE,262.22,-0.35,1.34,104.6,N/A,N/A,7.64,56.9,Bear,-0.7,20.09,0.02,24.1,
SCHW,111.25,-0.39,2.04,193.1,N/A,N/A,9.14,72.7,Bull,0.12,11.61,0.01,23.8,
LYFT,17.03,0.62,2.74,6.4,N/A,N/A,8.67,57.9,Bull,0.01,16.2,0.01,23.8,
NHC,234.17,2.62,8.07,3.7,N/A,N/A,10.61,62.5,Bull,0.24,4.24,0.84,23.7,
BABA,128.15,2.76,0.23,299.1,N/A,N/A,6.87,60.7,Bear,-0.21,8.63,1.38,23.6,
ELVN,61.1,1.71,5.49,4.4,N/A,N/A,16.88,69.0,Bear,-0.12,14.85,0.01,23.4,
BFH,111.1,-0.13,2.86,4.3,N/A,N/A,8.01,61.0,Bear,-0.03,13.21,0.73,23.3,
ACT,50.47,0.87,2.22,6.9,N/A,N/A,8.58,74.6,Bull,0.07,8.5,0.01,23.0,
THRM,42.54,0.95,2.73,1.3,N/A,N/A,9.65,57.3,Bear,-0.13,18.0,0.01,22.9,
SR,83.89,0.92,1.43,4.9,N/A,N/A,2.46,61.1,Bull,0.23,2.21,0.01,22.8,
SLG,57.41,1.0,1.72,4.0,N/A,N/A,10.56,63.6,Bull,0.04,13.01,0.0,22.7,
AMT,174.07,1.01,2.14,80.3,N/A,N/A,0.73,53.6,Bull,0.39,6.54,0.01,22.7,
SYRE,109.21,1.29,4.92,9.5,N/A,N/A,14.87,62.7,Bull,0.08,10.12,0.01,22.7,
TW,104.54,-0.88,0.6,24.7,N/A,N/A,1.58,54.5,Bull,0.24,5.76,0.01,22.4,
JXN,136.87,1.49,4.75,9.1,N/A,N/A,13.03,68.1,Bull,0.13,8.92,0.01,22.4,
NVGS,21.66,1.4,5.45,1.4,N/A,N/A,2.23,55.9,Bull,0.06,2.65,0.01,22.4,
GPN,90.43,0.07,2.15,23.9,N/A,N/A,12.02,61.9,Bear,-0.11,16.21,0.01,22.3,
WSE,12.61,-0.47,2.11,15.6,N/A,N/A,0.59,52.2,Bull,0.04,-0.08,0.07,22.3,
WDS,23.85,1.68,3.9,44.6,N/A,N/A,7.8,63.6,Bull,0.04,6.35,0.01,22.3,
SSNC,81.28,0.93,1.42,18.9,N/A,N/A,10.53,65.8,Bear,-0.14,16.85,0.01,22.2,
ICE,156.65,0.3,3.52,87.7,N/A,N/A,6.54,69.6,Bull,0.18,10.65,0.01,22.1,
SOBO,37.79,1.36,3.16,7.8,N/A,N/A,3.8,61.5,Bull,0.11,-1.78,0.05,22.1,
DYN,26.72,2.77,2.1,4.9,N/A,N/A,13.11,64.1,Bear,-0.13,15.12,0.03,22.0,
ADM,82.4,-0.06,3.35,39.7,N/A,N/A,3.0,56.6,Bull,0.24,-5.63,0.01,21.6,
SCCG,24.77,0.64,1.1,1.2,N/A,N/A,1.82,67.6,Bull,0.04,2.95,0.68,21.4,
RTX,225.78,0.13,1.69,303.9,N/A,N/A,9.68,72.0,Bear,-0.38,16.24,0.04,21.4,
VG,14.01,-1.34,2.11,35.5,N/A,N/A,7.05,54.9,Bull,0.04,-5.47,0.02,21.3,
LAZ,44.1,0.09,1.29,4.3,N/A,N/A,1.75,53.6,Bull,0.11,2.4,0.01,21.2,
ECCV,24.15,-0.25,0.37,1.5,N/A,N/A,0.97,57.6,Bear,-0.0,0.71,2.4,21.2,
KDP,30.98,0.6,4.79,41.9,N/A,N/A,1.48,52.5,Bull,0.08,2.53,0.01,21.1,
ABBV,262.13,1.24,5.37,457.5,N/A,N/A,7.28,64.8,Bull,0.52,3.49,0.0,21.0,
RACE,415.68,0.79,2.08,96.5,N/A,N/A,8.11,64.8,Bull,0.29,11.86,0.02,21.0,
GEF,88.46,1.9,0.5,4.0,N/A,N/A,11.27,68.2,Bear,-0.53,15.18,0.01,20.9,
KYN,14.9,0.17,1.54,2.0,N/A,N/A,4.62,62.8,Bull,0.04,0.45,0.04,20.9,
CLH,320.16,0.21,1.11,16.9,N/A,N/A,4.43,60.0,Bull,0.57,4.54,0.22,20.9,
LH,325.64,1.07,0.67,26.1,N/A,N/A,10.07,70.0,Bear,-0.38,15.69,0.01,20.8,
KFY,83.87,0.99,1.35,4.3,N/A,N/A,8.3,61.6,Bear,-0.33,7.47,1.1,20.8,
TAL,11.99,-0.29,1.05,6.7,N/A,N/A,8.75,60.8,Bear,-0.07,16.12,0.01,20.5,
UHS,174.5,0.81,1.19,10.2,N/A,N/A,7.15,64.1,Bear,-0.0,16.85,0.01,20.5,
MGA,71.2,1.32,2.87,18.7,N/A,N/A,6.78,60.3,Bull,0.09,7.9,0.01,20.5,
EFC,13.77,1.18,1.1,1.8,N/A,N/A,3.31,62.2,Bull,0.03,2.76,0.06,20.5,
MNDY,88.04,5.65,0.65,4.1,N/A,N/A,6.64,52.9,Bear,-0.47,11.88,0.63,20.4,
JBHT,277.34,1.15,0.5,25.8,N/A,N/A,1.11,50.7,Bull,0.77,-4.94,0.04,20.3,
ABT,112.91,0.2,1.8,195.0,N/A,N/A,11.21,73.6,Bull,0.04,12.27,0.0,20.2,
SOFI,18.09,2.46,0.86,22.8,N/A,N/A,2.92,53.1,Bull,0.03,6.0,0.05,20.1,
FDS,285.41,3.13,0.87,10.2,N/A,N/A,10.55,59.1,Bear,-0.37,8.74,0.71,19.9,
EXE,96.15,0.73,0.46,22.1,N/A,N/A,4.18,60.1,Bull,0.19,3.82,0.01,19.9,
NLY,23.65,1.05,2.32,17.6,N/A,N/A,4.75,66.4,Bull,0.04,5.46,0.04,19.9,
MNKD,4.1,0.74,6.49,1.3,N/A,N/A,5.7,54.8,Bull,0.01,1.23,0.01,19.9,
TMO,603.33,2.43,0.05,217.8,N/A,N/A,10.2,67.8,Bear,-1.57,14.6,0.02,19.9,
GAM,67.36,-0.52,0.01,1.6,N/A,N/A,3.43,67.7,Bull,0.12,4.34,0.13,19.7,
RITM,10.37,1.67,1.37,5.7,N/A,N/A,7.46,65.2,Bull,0.0,13.33,0.01,19.7,
GIC,39.05,0.03,0.78,1.5,N/A,N/A,10.85,69.4,Bear,-0.03,14.17,0.02,19.7,
WF,70.58,-1.26,0.04,17.2,N/A,N/A,6.38,60.1,Bear,-0.04,11.11,0.64,19.6,
NWN,51.02,1.17,1.53,2.1,N/A,N/A,1.96,56.0,Bull,0.06,0.03,1.25,19.6,
CME,269.2,-0.86,2.68,97.6,N/A,N/A,3.52,61.1,Bull,0.37,8.01,0.01,19.6,
AMBP,5.21,2.56,2.96,3.0,N/A,N/A,9.98,60.6,Bull,0.0,10.62,0.01,19.6,
DHI,151.98,4.32,4.22,40.7,N/A,N/A,1.57,53.3,Bull,0.35,2.04,0.06,19.4,
SUN,77.5,0.54,2.58,15.8,N/A,N/A,8.65,63.5,Bull,0.12,3.45,0.05,19.4,
JBS,13.87,1.5,5.68,14.6,N/A,N/A,5.67,59.3,Bear,-0.01,16.42,0.02,19.4,
MEDP,602.18,2.01,0.87,16.5,N/A,N/A,10.25,61.5,Bear,-2.18,14.06,0.03,19.4,
NGG,81.84,-0.38,1.44,81.5,N/A,N/A,0.04,52.9,Bull,0.22,-2.56,0.05,19.4,
PK,15.52,0.98,4.51,3.1,N/A,N/A,8.35,62.9,Bull,0.03,3.05,0.01,19.1,
AGNC,11.04,1.1,1.47,12.9,N/A,N/A,3.35,60.3,Bull,0.02,4.13,0.04,19.1,
OXLCM,25.01,-0.6,0.25,4.3,N/A,N/A,1.04,56.2,Bull,0.02,0.86,1.45,18.9,
G,34.78,0.38,2.44,5.8,N/A,N/A,5.96,58.6,Bear,-0.16,15.89,0.01,18.9,
KNSL,375.3,0.69,0.48,8.5,N/A,N/A,7.14,58.8,Bear,-0.81,15.25,0.01,18.9,
NAVN,29.32,0.41,1.88,7.4,N/A,N/A,16.04,62.8,Bull,0.0,10.14,0.01,18.8,
BPYPN,14.0,0.29,0.53,17.3,N/A,N/A,1.29,55.6,Bull,0.0,0.0,1.86,18.6,
CHT,42.9,0.96,1.2,33.3,N/A,N/A,1.06,56.9,Bull,0.05,1.44,1.09,18.6,
AAP,57.56,1.06,7.56,3.4,N/A,N/A,1.88,53.0,Bull,0.11,3.74,0.01,18.6,
TTEK,35.67,0.76,0.68,9.1,N/A,N/A,10.25,64.0,Bear,-0.02,13.14,0.01,18.3,
SBH,16.78,2.82,1.27,1.5,N/A,N/A,10.92,63.9,Bear,-0.03,12.77,0.01,18.3,
SOLV,87.86,0.47,3.02,14.9,N/A,N/A,7.86,60.2,Bull,0.01,13.17,0.01,18.3,
UAN,121.11,-0.96,0.78,1.3,N/A,N/A,4.72,58.5,Bull,0.07,7.1,0.58,18.3,
BTZ,10.27,0.74,1.07,1.1,N/A,N/A,2.29,66.5,Bull,0.02,1.36,0.09,18.2,
ICLR,173.85,4.07,3.99,12.8,N/A,N/A,8.93,58.9,Bull,0.24,3.92,0.01,18.0,
DHR,206.06,3.25,0.13,140.3,N/A,N/A,5.53,58.5,Bear,-0.11,15.03,0.02,17.9,
RLI,64.28,2.98,0.53,5.9,N/A,N/A,7.01,58.2,Bear,-0.19,6.78,0.91,17.9,
PRK,204.4,-0.55,0.5,3.7,N/A,N/A,6.13,57.8,Bear,-0.76,8.48,0.75,17.8,
BKU,47.58,-0.41,0.28,3.4,N/A,N/A,0.46,51.1,Bull,0.12,-2.61,0.01,17.8,
NSP,52.33,3.71,3.24,2.0,N/A,N/A,14.73,58.0,Bear,-0.52,5.76,0.55,17.7,
PEP,140.9,0.55,1.59,191.3,N/A,N/A,0.04,53.9,Bull,0.27,3.87,0.02,17.7,
GH,167.4,4.55,1.39,21.5,N/A,N/A,12.09,59.7,Bear,-0.18,11.04,0.06,17.6,
ENIC,4.57,1.22,4.69,6.3,N/A,N/A,3.4,57.9,Bull,0.01,3.74,0.01,17.6,
RSG,217.74,0.36,1.63,66.4,N/A,N/A,1.78,56.9,Bull,0.5,0.57,0.01,17.6,
ZBH,99.07,-0.08,1.21,18.9,N/A,N/A,6.23,59.7,Bull,0.04,11.72,0.01,17.5,
BBY,87.27,2.14,4.79,18.4,N/A,N/A,8.03,59.1,Bear,-0.18,2.41,1.33,17.5,
FUTU,108.85,0.24,3.5,15.2,N/A,N/A,2.15,57.0,Bull,0.2,2.6,0.08,17.5,
XEL,79.36,0.24,0.97,49.5,N/A,N/A,0.38,53.3,Bull,0.19,-1.04,0.01,17.3,
PYPL,61.1,1.11,3.21,51.7,N/A,N/A,13.91,71.0,Bear,-0.22,10.07,0.03,17.3,
PMTU,25.84,0.35,1.65,2.3,N/A,N/A,1.24,58.3,Bull,0.01,0.82,1.54,17.3,
ANNX,5.45,3.22,2.25,1.0,N/A,N/A,1.19,52.5,Bull,0.01,4.21,0.02,17.2,
ASBA,24.49,0.12,1.15,3.7,N/A,N/A,1.09,67.0,Bull,0.03,1.33,0.97,17.1,
ADAMI,25.18,-0.16,0.32,2.3,N/A,N/A,0.34,50.1,Bear,-0.01,0.08,2.02,17.1,
CP,94.13,0.48,1.55,83.6,N/A,N/A,4.34,61.1,Bull,0.19,0.45,0.01,17.1,
LB,80.34,-0.59,5.27,6.2,N/A,N/A,6.63,55.4,Bull,0.12,3.28,0.02,17.1,
KWR,171.3,3.89,1.43,2.8,N/A,N/A,8.75,60.5,Bear,-0.15,12.56,0.01,17.0,
YPF,51.49,1.59,5.29,19.9,N/A,N/A,4.16,54.9,Bull,0.11,0.3,0.02,17.0,
WWW,20.25,1.28,12.1,1.6,N/A,N/A,9.19,57.8,Bull,0.03,3.08,0.02,17.0,
NMRK,15.58,2.62,5.53,2.8,N/A,N/A,2.87,55.2,Bull,0.03,0.25,0.01,16.9,
NBN,135.61,0.44,0.97,1.1,N/A,N/A,4.12,56.6,Bull,0.24,2.37,0.02,16.9,
SVV,10.83,2.85,1.12,1.6,N/A,N/A,7.01,54.2,Bear,-0.08,13.28,0.01,16.8,
BILL,49.28,0.21,1.18,4.9,N/A,N/A,13.01,60.4,Bear,-0.21,10.21,0.01,16.8,
INDV,39.7,0.68,2.5,4.9,N/A,N/A,1.97,53.5,Bull,0.09,-1.85,0.01,16.6,
MUJ,12.35,1.15,0.44,1.8,N/A,N/A,1.71,60.8,Bull,0.02,1.34,0.13,16.6,
RS,426.4,1.19,0.13,21.5,N/A,N/A,6.64,62.3,Bull,0.15,10.73,0.01,16.6,
MTD,1443.79,3.15,0.37,28.0,N/A,N/A,8.15,65.3,Bear,-5.66,12.28,0.01,16.5,
HTGC,16.79,0.84,1.14,3.1,N/A,N/A,6.02,63.1,Bull,0.01,8.36,0.01,16.4,
SWX,93.48,1.93,2.13,6.6,N/A,N/A,3.55,61.8,Bull,0.18,1.37,0.01,16.3,
BPYPP,16.24,-0.23,1.1,20.1,N/A,N/A,2.36,57.5,Bull,0.01,2.15,1.28,16.3,
THG,222.17,0.03,0.1,7.7,N/A,N/A,3.42,51.3,Bear,-1.41,3.31,1.34,16.2,
DFTX,46.89,1.54,9.58,6.2,N/A,N/A,17.09,59.8,Bear,-0.01,7.37,0.02,16.1,
AGL,97.24,1.93,12.73,1.6,N/A,N/A,1.78,48.9,Bull,0.21,-25.11,0.01,16.1,
MHO,155.7,4.82,3.06,3.8,N/A,N/A,5.33,57.2,Bull,0.19,4.58,0.04,16.0,
OMF,65.32,0.92,1.04,7.4,N/A,N/A,8.12,66.8,Bull,0.02,10.11,0.01,16.0,
IDT,66.65,0.29,1.91,1.7,N/A,N/A,8.27,63.3,Bear,-0.27,4.75,0.84,15.9,
AVO,13.18,0.8,3.41,1.2,N/A,N/A,3.55,56.1,Bull,0.02,4.15,0.01,15.8,
ETV,15.15,0.43,0.69,1.6,N/A,N/A,2.83,61.6,Bull,0.03,2.38,0.03,15.8,
UMBF,149.64,-0.23,0.13,11.4,N/A,N/A,4.8,58.7,Bull,0.15,6.29,0.01,15.8,
TRMB,57.2,0.37,1.51,13.3,N/A,N/A,2.28,53.8,Bear,-0.26,14.17,0.04,15.6,
FRA,10.94,0.09,0.13,1.6,N/A,N/A,2.02,68.1,Bull,0.02,2.54,0.06,15.6,
LTH,46.12,1.59,5.25,10.1,N/A,N/A,11.81,65.2,Bear,-0.04,9.65,0.01,15.6,
AMN,35.25,2.06,8.66,1.3,N/A,N/A,8.69,55.9,Bull,0.04,3.1,0.01,15.6,
ADAMM,25.49,0.24,0.37,2.3,N/A,N/A,1.88,72.0,Bull,0.02,1.07,0.96,15.6,
GOODO,20.81,0.07,1.13,1.0,N/A,N/A,3.01,75.7,Bull,0.01,2.7,0.85,15.5,
COST,959.98,-0.14,1.1,426.3,N/A,N/A,0.47,54.5,Bull,1.56,3.69,0.03,15.5,
RWTN,24.55,0.18,0.8,3.2,N/A,N/A,0.99,60.1,Bull,0.02,0.5,1.19,15.5,
ADAML,24.95,0.17,0.65,2.2,N/A,N/A,2.51,69.7,Bull,0.02,1.84,0.86,15.4,
NFG,83.37,1.89,1.36,7.9,N/A,N/A,3.04,60.2,Bull,0.04,3.08,0.92,15.4,
INGR,105.52,0.06,1.7,6.7,N/A,N/A,3.15,59.6,Bull,0.16,2.99,0.01,15.2,
NWE,71.41,1.13,2.16,4.3,N/A,N/A,1.58,55.1,Bull,0.15,-0.62,0.01,15.2,
OMC,86.07,-0.28,0.65,23.7,N/A,N/A,6.45,57.7,Bull,0.08,5.31,0.01,15.2,
FGN,24.81,-0.68,0.85,3.1,N/A,N/A,0.39,52.6,Bull,0.02,-1.23,1.02,15.2,
HMC,31.57,-1.19,0.83,41.5,N/A,N/A,8.23,63.4,Bear,-0.01,10.66,0.04,15.1,
AFGD,19.52,0.18,1.11,1.6,N/A,N/A,1.04,65.4,Bull,0.03,0.91,0.31,15.1,
BBVA,28.86,0.24,1.26,164.4,N/A,N/A,9.7,71.1,Bear,-0.01,10.03,0.02,15.0,
BMY,66.93,1.33,5.07,134.9,N/A,N/A,9.26,67.2,Bear,-0.04,10.15,0.02,15.0,
NWS,33.38,-0.33,2.14,18.1,N/A,N/A,6.17,59.5,Bull,0.02,7.85,0.01,15.0,
HCI,185.03,1.3,0.36,2.3,N/A,N/A,5.07,56.8,Bear,-0.06,3.39,1.07,14.9,
CG,48.85,0.98,1.92,17.2,N/A,N/A,5.15,57.0,Bull,0.0,11.6,0.01,14.9,
MBINL,24.95,0.4,0.26,1.1,N/A,N/A,0.98,57.3,Bear,-0.01,0.6,1.64,14.8,
IOT,39.68,0.25,0.86,23.1,N/A,N/A,9.25,56.1,Bear,-0.03,10.01,0.01,14.7,
CM,121.48,-0.13,0.48,111.3,N/A,N/A,3.92,58.3,Bull,0.16,3.18,0.03,14.7,
UCB,36.55,0.0,0.41,4.4,N/A,N/A,3.58,59.9,Bull,0.04,4.46,0.02,14.7,
PCG,17.92,0.56,3.11,47.8,N/A,N/A,3.55,57.9,Bull,0.03,-1.05,0.01,14.7,
ARR,16.47,0.55,0.42,2.7,N/A,N/A,0.63,53.4,Bull,0.03,2.01,0.07,14.6,
EXPO,67.75,0.36,0.16,3.2,N/A,N/A,5.97,59.5,Bear,-0.14,11.58,0.01,14.6,
MFAN,25.16,0.24,0.64,2.6,N/A,N/A,1.39,73.1,Bull,0.01,1.09,1.16,14.6,
STT,192.14,0.14,1.07,52.7,N/A,N/A,8.02,66.5,Bull,0.14,5.24,0.01,14.6,
UVE,42.47,-1.03,0.54,1.2,N/A,N/A,2.95,50.8,Bear,-0.25,12.76,0.03,14.5,
PAYX,120.65,0.6,0.24,42.7,N/A,N/A,8.7,58.9,Bear,-0.57,10.09,0.01,14.5,
WAY,24.55,0.95,0.04,4.7,N/A,N/A,8.2,57.3,Bear,-0.01,10.24,0.01,14.4,
LIVN,80.82,1.2,0.04,4.4,N/A,N/A,2.45,52.0,Bull,0.11,3.25,0.01,14.4,
COF,221.95,0.22,0.13,135.9,N/A,N/A,6.69,61.9,Bull,0.01,10.61,0.01,14.4,
RHI,43.84,0.18,5.51,4.5,N/A,N/A,18.84,63.3,Bear,-0.01,4.88,0.01,14.3,
GDDY,95.8,3.71,5.58,12.1,N/A,N/A,6.11,54.2,Bull,0.03,3.77,0.65,14.2,
ASH,74.92,1.75,0.27,3.4,N/A,N/A,10.05,64.2,Bear,-0.13,9.15,0.01,14.2,
LXRX,2.46,1.86,4.89,1.1,N/A,N/A,8.73,58.1,Bear,-0.0,9.56,0.02,14.1,
SFBS,90.02,-0.56,0.83,4.9,N/A,N/A,4.05,56.5,Bear,-0.12,2.52,1.15,14.1,
EDU,54.63,0.21,2.43,8.7,N/A,N/A,5.45,55.6,Bear,-0.42,11.16,0.01,14.0,
SATA,99.72,0.03,0.53,8.5,N/A,N/A,3.24,63.3,Bull,0.13,2.67,0.05,14.0,
GE,373.58,-0.4,2.26,389.2,N/A,N/A,5.26,58.2,Bull,0.08,9.49,0.04,13.9,
ADAMZ,18.71,0.47,1.14,1.7,N/A,N/A,0.52,51.2,Bear,-0.02,-1.16,1.64,13.9,
CPK,136.56,1.49,2.25,3.3,N/A,N/A,4.36,61.5,Bear,-0.16,3.52,0.99,13.9,
BC,82.51,1.85,2.71,5.2,N/A,N/A,2.07,54.2,Bull,0.12,2.56,0.01,13.8,
APAM,41.92,0.61,2.29,3.4,N/A,N/A,8.01,61.9,Bear,-0.11,9.63,0.01,13.7,
UZF,16.92,0.42,0.71,1.5,N/A,N/A,0.26,56.9,Bull,0.02,0.59,0.56,13.7,
OFG,53.05,-0.88,0.97,2.2,N/A,N/A,5.65,59.6,Bear,-0.1,3.67,0.86,13.7,
GNTX,24.05,1.56,2.78,5.0,N/A,N/A,0.55,52.0,Bull,0.04,0.59,0.01,13.7,
CNX,35.88,1.43,0.38,5.2,N/A,N/A,3.11,58.8,Bull,0.02,7.8,0.01,13.7,
BP,43.76,0.81,3.19,113.6,N/A,N/A,4.77,59.9,Bull,0.05,2.26,0.07,13.4,
NMIH,45.65,0.09,1.72,3.4,N/A,N/A,7.67,67.7,Bear,-0.02,9.5,0.01,13.4,
ABXL,25.47,-0.08,0.41,1.9,N/A,N/A,1.31,66.0,Bull,0.0,0.82,1.27,13.3,
BMNR,18.67,2.13,4.36,11.0,N/A,N/A,6.97,57.7,Bull,0.01,5.24,0.05,13.3,
GLBE,41.35,0.11,1.98,6.9,N/A,N/A,9.55,59.0,Bear,-0.14,8.49,0.01,13.3,
CSQ,20.79,0.01,0.28,3.3,N/A,N/A,2.76,58.8,Bull,0.03,2.18,0.04,13.2,
BOX,32.86,1.29,1.58,4.5,N/A,N/A,10.55,59.5,Bear,-0.13,7.81,0.01,13.2,
KO,88.93,0.12,2.55,382.2,N/A,N/A,5.47,64.7,Bull,0.03,8.18,0.01,13.1,
REGCP,23.19,-0.17,0.84,4.2,N/A,N/A,0.9,55.2,Bear,-0.0,0.06,1.52,13.1,
TWFG,27.6,3.06,3.53,1.4,N/A,N/A,9.12,56.5,Bear,-0.24,7.64,0.09,12.9,
CIMN,25.12,0.24,0.48,2.0,N/A,N/A,1.11,66.4,Bull,0.01,1.1,1.03,12.8,
STRA,82.46,0.61,3.05,1.8,N/A,N/A,2.45,53.2,Bear,-0.12,11.52,0.01,12.8,
SEIC,106.99,0.07,1.37,12.8,N/A,N/A,8.4,73.0,Bear,-0.15,8.34,0.01,12.7,
TRIN,18.19,0.23,0.38,1.7,N/A,N/A,5.09,58.6,Bull,0.02,2.4,0.01,12.6,
DLTR,132.62,1.64,3.11,25.1,N/A,N/A,7.82,63.8,Bear,-0.15,8.57,0.01,12.6,
INCY,125.26,1.45,3.72,25.0,N/A,N/A,8.46,63.4,Bear,-0.05,8.18,0.01,12.5,
MSEX,58.79,-0.05,1.51,1.1,N/A,N/A,5.43,63.6,Bull,0.06,2.98,0.03,12.5,
CCS,71.24,2.7,1.11,2.0,N/A,N/A,7.07,56.6,Bear,-0.21,8.71,0.03,12.5,
EVRG,83.94,0.62,1.59,19.2,N/A,N/A,0.66,53.4,Bull,0.14,-2.22,0.01,12.5,
KVYO,17.88,0.39,3.65,5.1,N/A,N/A,3.67,51.3,Bear,-0.1,10.37,0.01,12.3,
JAN,30.41,0.0,3.01,9.4,N/A,N/A,5.28,55.3,Bear,-0.11,2.1,0.89,12.2,
HUBS,225.6,-0.28,7.37,11.3,N/A,N/A,4.01,51.7,Bear,-1.33,10.1,0.01,12.2,
AMCR,46.98,2.44,0.9,21.2,N/A,N/A,6.33,58.5,Bear,-0.2,8.72,0.04,12.2,
GSL,43.22,-0.37,5.98,1.6,N/A,N/A,4.93,58.4,Bear,-0.14,2.78,0.81,12.0,
LNC,44.95,-0.29,1.93,8.6,N/A,N/A,8.01,57.8,Bear,-0.33,7.79,0.01,11.9,
UFCS,53.97,0.62,1.45,1.4,N/A,N/A,5.64,57.4,Bear,-0.07,8.9,0.01,11.8,
MRVI,6.95,21.17,20.33,1.5,Healthcare,Biotechnology,18.46,65.5,Bear,-0.04,-3.94,0.31,11.8,4.25
KOF,110.88,1.18,0.92,5.8,N/A,N/A,3.96,61.6,Bull,0.07,5.46,0.03,11.8,
COKE,188.64,1.3,3.81,12.6,N/A,N/A,1.93,53.0,Bull,0.06,3.18,0.64,11.7,
UMBFO,26.7,0.04,0.41,2.0,N/A,N/A,1.17,57.9,Bull,0.01,1.02,0.88,11.7,
MA,573.74,-0.1,2.5,503.1,N/A,N/A,5.84,62.3,Bear,-1.33,7.85,0.1,11.6,
CPB,23.1,1.07,2.23,6.8,N/A,N/A,3.87,55.7,Bull,0.01,5.6,0.03,11.5,
SJM,120.24,1.47,2.17,12.7,N/A,N/A,5.91,57.3,Bear,-0.21,8.35,0.02,11.5,
SNDA,40.49,3.74,4.03,1.9,N/A,N/A,3.52,53.2,Bear,-0.19,0.05,1.16,11.5,
CENT,44.28,2.15,0.32,2.8,N/A,N/A,3.17,53.0,Bear,-0.12,-0.49,1.19,11.5,
TMP,100.96,0.71,0.64,1.4,N/A,N/A,6.63,62.1,Bear,-0.15,8.12,0.0,11.5,
CBRE,150.56,2.21,2.14,42.7,N/A,N/A,5.26,57.3,Bear,-0.21,8.61,0.03,11.5,
REXR,37.04,3.29,2.35,8.3,N/A,N/A,2.86,54.8,Bear,-0.2,-0.27,1.2,11.4,
MTCH,38.69,3.95,5.14,8.9,N/A,N/A,3.51,53.8,Bear,-0.13,-3.97,1.15,11.4,
ARQT,26.54,3.63,1.18,3.3,N/A,N/A,1.69,50.3,Bear,-0.12,-6.09,1.27,11.4,
QGEN,44.0,3.97,2.33,8.7,N/A,N/A,8.22,63.7,Bear,-0.05,6.93,0.03,11.3,
KFRC,58.29,2.16,0.59,1.0,N/A,N/A,8.8,55.6,Bear,-0.38,1.43,0.66,11.3,
PAGP,26.24,-0.23,4.33,5.2,N/A,N/A,5.01,62.0,Bull,0.03,1.71,0.01,11.3,
IP,40.8,1.87,0.3,21.2,N/A,N/A,5.58,54.9,Bear,-0.27,8.33,0.01,11.2,
OTEX,24.38,0.87,1.8,6.1,N/A,N/A,2.7,51.6,Bear,-0.18,9.77,0.01,11.2,
MTG,31.37,0.79,2.37,6.4,N/A,N/A,8.33,74.5,Bear,-0.02,7.03,0.0,11.2,
MFAO,25.19,0.14,0.44,2.6,N/A,N/A,1.18,68.8,Bull,0.01,1.33,0.88,11.2,
AWR,89.32,0.47,2.19,3.5,N/A,N/A,6.58,65.8,Bull,0.09,0.67,0.01,11.2,
CRNX,84.7,-0.02,0.28,9.0,N/A,N/A,21.15,90.3,Bear,-1.42,0.99,0.02,11.2,
RVTY,118.12,3.84,0.2,12.7,N/A,N/A,7.52,59.9,Bear,-0.08,7.24,0.02,11.2,
GRAL,74.0,4.39,7.34,3.2,N/A,N/A,8.69,56.1,Bull,0.05,1.9,0.02,11.1,
BFC,157.3,0.85,0.22,1.7,N/A,N/A,4.77,60.7,Bull,0.03,7.28,0.02,11.0,
LAUR,38.38,0.47,3.76,5.3,N/A,N/A,3.84,56.4,Bull,0.02,5.29,0.01,11.0,
UTZ,14.18,0.14,0.35,2.0,N/A,N/A,24.57,84.5,Bear,-0.23,0.85,0.01,10.9,
AEE,110.39,0.66,1.44,30.4,N/A,N/A,0.1,51.6,Bull,0.17,-1.45,0.01,10.9,
ADP,271.62,0.86,0.85,107.0,N/A,N/A,8.28,59.4,Bear,-1.38,6.42,0.02,10.8,
FBNC,65.85,-0.37,0.21,2.7,N/A,N/A,4.01,59.2,Bull,0.06,2.2,0.01,10.8,
FBP,29.37,0.03,0.55,4.5,N/A,N/A,7.24,65.3,Bear,-0.08,7.03,0.01,10.7,
BCAT,15.94,1.14,0.9,1.7,N/A,N/A,3.63,62.4,Bull,0.01,3.48,0.02,10.7,
HROW,40.49,2.45,2.87,1.5,N/A,N/A,1.06,51.6,Bull,0.06,-5.46,0.01,10.7,
CHWY,23.22,0.78,3.89,9.4,N/A,N/A,5.46,58.2,Bear,-0.09,7.9,0.01,10.7,
BKH,73.56,0.56,1.51,5.6,N/A,N/A,0.89,53.0,Bull,0.11,-0.47,0.01,10.6,
VRTS,166.81,-0.79,0.05,1.1,N/A,N/A,6.03,56.7,Bear,-0.38,3.65,0.46,10.5,
JKHY,161.01,5.15,5.71,10.9,N/A,N/A,8.12,61.9,Bear,-0.49,6.16,0.03,10.4,
PDM,9.4,0.43,0.53,1.2,N/A,N/A,1.4,47.4,Bear,-0.05,-4.86,1.17,10.4,
ATAI,7.29,0.0,0.83,2.7,N/A,N/A,16.79,72.8,Bear,-0.09,1.53,0.05,10.3,
IVA,4.76,2.59,1.71,1.1,N/A,N/A,4.87,57.5,Bear,-0.01,7.81,0.01,10.3,
AGYS,112.18,0.2,4.5,3.2,N/A,N/A,9.98,57.1,Bear,-0.12,5.16,0.01,10.2,
NMFCZ,25.15,0.0,0.16,2.7,N/A,N/A,0.65,58.8,Bear,-0.0,0.6,1.11,10.2,
SONO,15.82,0.19,0.44,1.9,N/A,N/A,4.09,52.6,Bear,-0.02,7.91,0.01,10.1,
WTRG,40.6,0.62,1.86,11.5,N/A,N/A,4.34,60.9,Bull,0.03,3.23,0.01,10.0,
GDV,30.57,0.38,0.05,2.7,N/A,N/A,3.38,66.0,Bull,0.02,3.66,0.07,10.0,
PLNT,53.73,0.69,11.33,4.0,N/A,N/A,0.39,55.4,Bull,0.05,2.62,0.01,9.9,
KKRS,16.24,0.43,0.56,14.6,N/A,N/A,0.13,52.9,Bull,0.01,-0.03,0.76,9.9,
AGNCO,25.67,0.08,0.12,30.4,N/A,N/A,1.33,74.5,Bear,-0.0,1.22,0.96,9.9,
AMRX,18.45,1.43,4.47,6.3,N/A,N/A,8.36,57.3,Bear,-0.07,5.43,0.02,9.8,
ILMN,199.95,6.19,3.65,28.4,N/A,N/A,8.8,58.2,Bear,-0.96,4.76,0.06,9.7,
PTA,19.1,2.01,0.82,1.0,N/A,N/A,1.16,59.4,Bull,0.02,1.43,0.03,9.7,
NDAQ,97.01,0.31,1.41,54.1,N/A,N/A,5.82,64.1,Bear,-0.06,6.72,0.01,9.7,
COTY,2.83,3.28,2.54,2.4,N/A,N/A,11.82,58.5,Bear,-0.03,3.66,0.01,9.7,
ENSG,182.18,-0.17,0.31,10.6,N/A,N/A,3.79,60.5,Bear,-0.23,7.73,0.01,9.7,
BEPH,15.1,-0.53,0.13,4.3,N/A,N/A,1.4,56.9,Bear,-0.02,0.07,1.07,9.7,
ATHS,24.89,-0.16,0.2,5.1,N/A,N/A,0.72,54.7,Bull,0.01,0.77,0.74,9.7,
RHP,126.09,1.6,3.29,8.7,N/A,N/A,2.24,50.6,Bear,-0.56,0.86,0.93,9.7,
NP,31.5,0.06,0.74,4.3,N/A,N/A,3.08,50.6,Bear,-0.14,3.82,0.51,9.6,
MLYS,27.43,3.08,1.4,2.4,N/A,N/A,1.96,55.3,Bull,0.03,1.55,0.03,9.5,
PRU,124.5,-0.03,1.43,43.0,N/A,N/A,7.1,66.4,Bear,-0.24,5.54,0.02,9.3,
FA,21.09,0.67,0.48,3.6,N/A,N/A,7.24,51.2,Bear,-0.23,5.66,0.0,9.3,
RUSHB,79.44,0.57,0.99,6.1,N/A,N/A,5.37,57.3,Bear,-0.11,6.45,0.01,9.2,
KRYS,336.1,0.99,0.97,9.9,N/A,N/A,0.71,49.6,Bull,0.42,-0.21,0.01,9.2,
SCSC,52.29,1.12,0.85,1.1,N/A,N/A,1.0,44.7,Bear,-0.71,-4.39,1.04,9.1,
MMI,31.58,1.77,1.35,1.2,N/A,N/A,3.31,54.6,Bear,-0.01,0.51,0.83,9.1,
HTO,63.63,0.52,1.69,2.6,N/A,N/A,3.9,59.1,Bull,0.06,0.23,0.01,9.1,
GNW,10.12,0.45,1.05,3.8,N/A,N/A,4.99,63.5,Bull,0.01,1.25,0.01,9.1,
ZD,55.09,0.0,0.27,1.9,N/A,N/A,6.84,56.9,Bear,-0.0,5.5,0.01,9.0,
DFIN,48.38,1.38,2.63,1.2,N/A,N/A,4.09,52.7,Bear,-0.29,-1.41,0.83,8.9,
OXLCN,24.72,0.0,0.38,4.3,N/A,N/A,0.89,59.6,Bull,0.0,1.26,0.75,8.9,
VLTO,97.11,1.08,0.46,23.4,N/A,N/A,4.29,56.9,Bear,-0.3,6.54,0.01,8.8,
TSN,58.87,1.51,5.47,20.4,N/A,N/A,0.14,53.2,Bull,0.06,1.49,0.02,8.7,
TRU,80.25,0.98,1.02,15.2,N/A,N/A,4.55,54.4,Bear,-0.32,6.43,0.0,8.7,
VLYPP,25.13,0.08,0.24,13.9,N/A,N/A,0.89,61.3,Bear,-0.0,0.4,0.93,8.6,
ACA,145.35,0.23,0.3,7.1,N/A,N/A,3.59,63.4,Bear,-0.39,0.24,0.77,8.5,
EPD,38.52,-0.3,1.59,83.4,N/A,N/A,2.39,57.7,Bull,0.04,0.54,0.01,8.4,
ADUS,119.02,0.75,0.81,2.2,N/A,N/A,8.62,62.5,Bear,-0.62,3.93,0.01,8.4,
CAH,235.35,0.16,0.51,54.7,N/A,N/A,3.07,54.1,Bear,-0.3,6.72,0.02,8.4,
HWM,289.3,-1.14,2.72,116.7,N/A,N/A,4.42,57.5,Bull,0.12,3.11,0.01,8.3,
SCCE,24.56,0.12,0.24,1.2,N/A,N/A,0.72,59.4,Bull,0.01,0.86,0.35,8.3,
AVPT,13.48,1.2,3.53,2.8,N/A,N/A,9.25,59.4,Bear,-0.02,3.61,0.01,8.3,
GJS,23.63,0.0,0.77,7.4,N/A,N/A,1.14,58.6,Bull,0.02,0.3,0.0,8.2,
CCEC,22.82,0.57,2.01,1.4,N/A,N/A,3.51,56.7,Bear,-0.03,2.05,0.53,8.2,
NHP,16.54,-0.24,2.48,1.2,N/A,N/A,7.65,60.5,Bear,-0.01,4.29,0.0,8.1,
LNN,115.81,3.59,0.42,1.1,N/A,N/A,1.19,53.6,Bull,0.08,2.11,0.04,8.0,
NWSA,29.28,-0.36,2.15,15.9,N/A,N/A,6.08,59.1,Bull,0.01,3.52,0.01,7.9,
MET,96.99,0.26,0.34,61.5,N/A,N/A,5.79,60.0,Bear,-0.38,4.94,0.01,7.9,
POWWP,24.51,0.65,0.78,2.8,N/A,N/A,1.01,54.2,Bear,-0.01,1.91,0.66,7.9,
KARO,62.78,0.92,0.29,1.9,N/A,N/A,9.08,57.2,Bear,-0.74,-1.38,0.39,7.8,
SCCD,24.92,0.09,0.62,1.2,N/A,N/A,0.64,62.4,Bull,0.01,1.02,0.31,7.8,
AGNCN,25.94,0.29,0.25,30.8,N/A,N/A,1.45,69.3,Bear,-0.0,1.3,0.67,7.6,
CMG,34.24,2.64,4.9,42.2,N/A,N/A,2.05,52.7,Bear,-0.05,6.34,0.02,7.5,
MGEE,81.25,0.27,0.26,3.1,N/A,N/A,1.51,52.9,Bear,-0.05,-0.9,0.81,7.5,
BANF,115.3,0.29,0.87,3.9,N/A,N/A,1.28,54.1,Bull,0.11,-0.05,0.01,7.5,
NVR,6450.0,3.23,2.48,16.7,N/A,N/A,0.89,52.9,Bull,6.21,-0.62,0.02,7.4,
RZC,25.62,-0.16,0.23,1.7,N/A,N/A,0.92,57.1,Bull,0.01,0.99,0.51,7.4,
KMPB,24.66,0.04,0.28,1.5,N/A,N/A,1.65,62.2,Bear,-0.03,1.94,0.54,7.3,
NSC,347.06,2.4,3.47,76.1,N/A,N/A,5.79,64.1,Bear,-0.16,4.02,0.05,7.3,
MUC,10.73,0.47,0.03,1.6,N/A,N/A,0.31,52.0,Bull,0.01,-0.61,0.07,7.2,
BBIO,84.22,1.49,0.45,16.2,N/A,N/A,7.08,58.1,Bear,-0.44,3.49,0.01,7.1,
VTOL,46.28,0.85,1.03,1.4,N/A,N/A,3.77,57.0,Bear,-0.03,5.06,0.01,7.0,
ALL,262.43,0.49,2.58,66.0,N/A,N/A,5.07,54.1,Bear,-1.69,4.21,0.01,6.9,
BEN,34.0,0.03,1.22,17.3,N/A,N/A,3.26,54.0,Bear,-0.04,5.0,0.01,6.7,
CDZIP,22.43,-0.66,1.26,1.9,N/A,N/A,1.88,53.9,Bull,0.01,1.13,0.29,6.7,
WAFDP,16.42,-0.24,0.37,1.2,N/A,N/A,0.37,49.8,Bear,-0.01,-0.36,0.78,6.7,
LOB,42.9,0.7,0.33,2.0,N/A,N/A,3.48,54.1,Bear,-0.12,4.51,0.05,6.7,
PRKS,45.03,1.3,2.02,2.0,N/A,N/A,1.68,49.8,Bear,-0.08,-1.87,0.69,6.6,
AGNCM,25.24,0.42,0.2,29.9,N/A,N/A,1.42,64.2,Bear,-0.0,0.9,0.59,6.5,
UNP,302.37,1.22,2.94,177.5,N/A,N/A,5.45,61.9,Bear,-0.06,3.35,0.05,6.5,
BEPI,16.12,-0.25,0.03,4.6,N/A,N/A,2.47,64.3,Bear,-0.02,1.26,0.47,6.4,
AIT,354.18,-0.05,0.68,13.0,N/A,N/A,4.65,56.9,Bear,-0.68,3.88,0.01,6.3,
COUR,5.68,-0.18,1.79,1.5,N/A,N/A,0.27,50.1,Bear,-0.01,5.97,0.01,6.2,
PAG,217.0,0.37,0.2,14.2,N/A,N/A,8.37,62.6,Bear,-1.26,1.8,0.02,6.2,
PJT,171.1,0.81,0.3,7.0,N/A,N/A,3.53,52.6,Bear,-0.54,4.18,0.03,6.2,
PAHC,35.3,1.88,4.44,1.4,N/A,N/A,0.02,55.6,Bear,-0.09,5.97,0.02,6.1,
APGE,134.82,0.19,0.2,10.2,N/A,N/A,9.23,78.0,Bear,-0.98,0.61,0.1,6.1,
KB,118.68,0.85,0.7,42.2,N/A,N/A,3.3,52.0,Bear,-0.59,-0.58,0.54,6.1,
WLY,51.31,0.4,2.75,2.6,N/A,N/A,4.11,51.1,Bear,-0.38,3.73,0.01,5.9,
UGP,6.52,3.0,11.45,7.0,N/A,N/A,9.63,61.1,Bear,-0.01,0.31,0.09,5.9,
SLAB,219.4,0.18,0.26,7.3,N/A,N/A,0.72,59.6,Bull,0.14,1.03,0.01,5.9,
GPRE,16.35,1.05,8.21,1.1,N/A,N/A,1.52,52.1,Bull,0.01,-7.99,0.02,5.9,
WSFS,81.58,-0.14,0.54,4.2,N/A,N/A,4.18,60.5,Bear,-0.14,3.7,0.01,5.8,
HD,344.86,2.18,0.42,336.5,N/A,N/A,1.89,52.8,Bear,-0.9,4.05,0.09,5.8,
PARR,79.44,-1.33,2.13,4.0,N/A,N/A,11.25,55.9,Bear,-0.22,0.03,0.01,5.8,
WOR,57.56,1.01,1.17,2.8,N/A,N/A,1.92,53.2,Bear,-0.02,4.72,0.01,5.7,
LGIH,59.6,5.68,4.74,1.3,N/A,N/A,4.82,52.9,Bear,-0.11,3.09,0.02,5.7,
ECL,279.1,-0.32,0.24,78.5,N/A,N/A,1.58,52.4,Bear,-0.69,4.58,0.02,5.6,
PFBC,107.45,0.72,0.75,1.5,N/A,N/A,3.54,58.1,Bull,0.02,2.44,0.03,5.4,
TTC,98.31,2.01,0.39,9.2,N/A,N/A,3.24,56.2,Bear,-0.02,3.63,0.02,5.4,
OGN,13.69,0.11,0.4,3.6,N/A,N/A,3.3,70.2,Bull,0.0,1.44,0.01,5.4,
MTN,149.75,-0.02,0.94,5.3,N/A,N/A,3.93,54.0,Bear,-0.47,3.33,0.02,5.4,
TOL,153.0,7.1,3.01,13.4,N/A,N/A,2.55,53.5,Bear,-0.39,2.7,0.17,5.4,
VOD,16.15,0.09,0.34,38.3,N/A,N/A,5.39,57.7,Bear,-0.02,2.57,0.01,5.4,
HTFC,24.99,0.08,0.28,1.1,N/A,N/A,0.76,60.1,Bull,0.0,0.2,0.43,5.3,
LPX,75.38,5.83,2.75,5.0,N/A,N/A,1.52,52.7,Bear,-0.12,4.22,0.04,5.3,
BSM,14.63,0.27,1.11,3.1,N/A,N/A,3.75,60.3,Bull,0.0,3.02,0.0,5.3,
EQBK,51.54,0.76,0.16,1.1,N/A,N/A,3.87,60.3,Bear,-0.08,3.16,0.03,5.3,
MDLZ,63.09,0.69,1.46,80.0,N/A,N/A,2.86,55.7,Bull,0.0,3.66,0.01,5.3,
GRND,16.01,0.31,0.88,2.8,N/A,N/A,4.83,51.1,Bear,-0.2,2.83,0.01,5.3,
WSBCO,25.7,-0.16,0.39,2.5,N/A,N/A,0.81,57.6,Bull,0.01,1.14,0.24,5.3,
EBC,23.53,-0.34,0.77,5.4,N/A,N/A,5.36,61.4,Bear,-0.02,2.3,0.02,5.2,
STC,68.01,-0.09,3.86,2.1,N/A,N/A,0.69,50.9,Bear,-0.02,-3.02,0.56,5.0,
PHM,131.1,4.01,1.5,23.6,N/A,N/A,2.6,53.0,Bear,-0.33,3.43,0.03,5.0,
NTRSO,18.55,1.37,0.76,3.3,N/A,N/A,0.19,55.8,Bull,0.01,-0.16,0.28,4.9,
EPC,28.91,1.62,0.87,1.3,N/A,N/A,9.8,59.2,Bear,-0.14,-2.53,0.01,4.9,
V,363.54,-0.19,1.15,650.8,N/A,N/A,3.3,54.6,Bear,-1.19,3.05,0.02,4.9,
REGCO,21.88,0.0,0.6,4.0,N/A,N/A,0.14,50.5,Bull,0.01,-0.91,0.0,4.8,
SBRA,20.51,0.89,3.12,5.2,N/A,N/A,2.5,53.6,Bear,-0.08,3.53,0.01,4.8,
THO,79.09,1.68,0.15,4.0,N/A,N/A,2.17,54.4,Bear,-0.12,3.7,0.01,4.8,
VOYA,100.53,0.37,1.05,9.1,N/A,N/A,5.11,57.0,Bear,-0.31,2.04,0.01,4.7,
TECH,72.5,0.39,0.37,11.3,N/A,N/A,6.76,71.4,Bear,-0.35,1.0,0.03,4.6,
AIZ,281.59,0.54,0.17,13.8,N/A,N/A,2.89,51.7,Bear,-1.33,3.09,0.01,4.6,
AWK,137.23,0.7,1.71,27.1,N/A,N/A,3.87,59.4,Bull,0.0,2.24,0.03,4.6,
FRMEP,25.25,-0.16,0.4,1.6,N/A,N/A,0.38,50.4,Bear,-0.01,0.43,0.48,4.6,
JAZZ,255.65,1.02,2.69,16.4,N/A,N/A,4.71,56.9,Bear,-0.96,2.09,0.01,4.5,
BNJ,15.07,0.0,0.07,22.7,N/A,N/A,0.38,49.1,Bear,-0.01,-1.28,0.52,4.5,
SBET,6.42,2.07,3.88,1.4,N/A,N/A,5.39,55.9,Bear,-0.01,1.58,0.03,4.5,
HG,35.37,0.3,0.27,2.9,N/A,N/A,3.08,52.7,Bear,-0.14,2.66,0.02,4.4,
REYN,26.25,1.9,0.96,5.4,N/A,N/A,4.52,57.7,Bear,-0.02,1.93,0.02,4.3,
ATLC,98.57,1.01,1.23,1.5,N/A,N/A,1.42,47.6,Bear,-0.89,3.57,0.01,4.3,
NOMD,11.6,1.58,1.75,1.6,N/A,N/A,3.86,52.2,Bear,-0.08,2.27,0.01,4.3,
CCNE,34.92,0.29,0.29,1.0,N/A,N/A,3.49,55.5,Bear,-0.11,1.9,0.04,4.0,
CCEP,108.03,0.49,0.89,48.8,N/A,N/A,3.39,54.8,Bear,-0.36,2.03,0.02,3.9,
COR,314.0,-0.67,0.14,60.3,N/A,N/A,3.15,53.0,Bear,-1.49,2.18,0.01,3.8,
TGTX,51.67,2.81,4.38,7.7,N/A,N/A,3.42,52.4,Bull,0.02,-1.92,0.01,3.8,
PINS,23.1,0.17,0.87,13.1,N/A,N/A,2.27,49.1,Bear,-0.19,2.48,0.01,3.7,
INNV,11.22,1.08,7.57,1.5,N/A,N/A,7.26,55.0,Bear,-0.06,-2.43,0.01,3.7,
BBWI,20.35,1.57,12.27,4.0,N/A,N/A,2.1,52.9,Bull,0.01,-2.47,0.01,3.7,
VRNS,43.56,-0.35,3.9,5.0,N/A,N/A,7.14,52.0,Bear,-0.19,-8.36,0.0,3.6,
AER,150.39,0.51,0.09,26.8,N/A,N/A,1.62,51.3,Bear,-0.46,2.6,0.01,3.5,
AFRM,75.67,2.87,3.1,24.6,N/A,N/A,1.87,50.1,Bear,-0.02,2.38,0.02,3.5,
NVS,156.51,1.27,2.75,294.9,N/A,N/A,1.88,55.5,Bear,-0.12,2.24,0.03,3.4,
CSX,50.74,1.0,1.32,93.1,N/A,N/A,3.17,55.6,Bear,-0.12,1.62,0.02,3.4,
PSA,325.59,0.77,0.62,56.7,N/A,N/A,1.85,52.6,Bear,-0.47,2.37,0.01,3.3,
WLYB,51.43,0.0,0.94,2.6,N/A,N/A,4.25,51.4,Bear,-0.42,1.16,0.0,3.3,
SMA,34.56,1.26,2.52,1.9,N/A,N/A,3.6,58.2,Bear,-0.04,1.17,0.03,3.2,
UL,62.46,0.69,1.2,135.5,N/A,N/A,1.92,52.0,Bear,-0.26,1.87,0.05,3.2,
SLMBP,74.86,-0.19,0.01,14.1,N/A,N/A,0.48,52.6,Bear,-0.01,0.82,0.26,3.2,
DG,122.67,1.51,2.57,26.7,N/A,N/A,1.79,51.2,Bear,-0.77,2.02,0.02,3.1,
TFC,52.17,-0.46,0.03,64.0,N/A,N/A,2.36,54.1,Bear,-0.02,1.85,0.01,3.1,
MFC,43.86,-0.39,0.18,73.5,N/A,N/A,3.82,55.7,Bear,-0.18,1.08,0.01,3.1,
CVBF,23.04,0.01,0.18,4.1,N/A,N/A,3.85,58.1,Bear,-0.02,0.98,0.02,3.1,
MC,67.45,1.32,1.78,5.2,N/A,N/A,1.7,51.5,Bull,0.01,0.9,0.01,3.1,
MUSA,581.84,1.34,6.38,10.6,N/A,N/A,2.11,52.0,Bull,0.15,-5.94,0.02,3.1,
XYZ,80.32,1.12,2.61,47.7,N/A,N/A,3.26,51.3,Bear,-0.35,1.3,0.02,3.1,
XZO,16.14,-0.03,5.11,1.5,N/A,N/A,2.69,52.3,Bear,-0.01,1.61,0.02,3.1,
AGNCP,25.35,0.12,0.48,30.0,N/A,N/A,1.58,71.4,Bull,0.0,1.28,0.04,3.0,
BPOPM,25.15,0.0,0.31,1.6,N/A,N/A,0.55,56.4,Bull,0.01,0.23,0.0,3.0,
PBA,49.61,0.51,1.49,28.7,N/A,N/A,2.68,55.3,Bull,0.01,-3.28,0.0,3.0,
FTRE,18.47,4.94,0.77,1.7,N/A,N/A,5.49,51.5,Bear,-0.18,-0.11,0.01,2.9,
OXLCZ,24.97,0.07,0.11,4.3,N/A,N/A,0.8,65.5,Bear,-0.0,0.69,0.22,2.9,
EXR,148.22,0.88,0.99,31.0,N/A,N/A,1.01,51.5,Bear,-0.26,2.19,0.03,2.9,
CRAI,170.3,1.27,1.07,1.1,N/A,N/A,3.35,51.7,Bear,-1.71,1.06,0.01,2.8,
ALKS,50.56,2.17,0.55,8.3,N/A,N/A,4.82,53.4,Bear,-0.1,-4.11,0.03,2.7,
GSK,51.44,0.56,3.18,103.6,N/A,N/A,0.25,52.3,Bear,-0.02,2.25,0.03,2.7,
PAA,24.12,-0.29,3.79,17.1,N/A,N/A,4.33,58.3,Bear,-0.0,0.34,0.01,2.6,
BCH,41.76,1.62,4.65,20.8,N/A,N/A,3.63,56.8,Bear,-0.06,0.71,0.01,2.6,
MAT,14.68,1.27,0.23,4.1,N/A,N/A,1.0,51.4,Bear,-0.05,1.97,0.02,2.6,
ATMU,52.33,4.89,5.08,4.1,N/A,N/A,0.93,52.8,Bear,-0.15,1.89,0.03,2.6,
MCBS,36.23,0.61,0.53,1.0,N/A,N/A,3.59,56.2,Bear,-0.01,0.4,0.03,2.4,
VCEL,45.36,2.49,1.41,2.3,N/A,N/A,4.76,53.6,Bear,-0.28,-2.74,0.01,2.4,
MCO,486.52,0.15,2.03,84.1,N/A,N/A,2.35,54.4,Bull,0.05,-0.44,0.06,2.3,
ETSY,80.75,0.99,1.41,7.3,N/A,N/A,3.53,50.0,Bear,-0.71,0.34,0.01,2.2,
CNOBP,25.07,0.08,0.15,1.4,N/A,N/A,1.12,71.6,Bear,-0.0,1.19,0.06,2.2,
SPB,89.32,1.49,1.01,2.0,N/A,N/A,3.21,53.8,Bear,-0.27,0.35,0.01,2.1,
BL,30.48,0.83,7.25,1.8,N/A,N/A,2.14,52.3,Bear,-0.07,0.93,0.01,2.1,
KVUE,19.02,1.17,0.21,36.1,N/A,N/A,1.78,51.6,Bear,-0.05,1.17,0.01,2.1,
PNTG,39.71,0.77,3.45,1.4,N/A,N/A,3.91,53.6,Bear,-0.15,-1.84,0.02,2.1,
INVH,29.94,0.76,0.55,17.6,N/A,N/A,1.11,50.2,Bear,-0.06,1.51,0.01,2.1,
KMB,109.22,1.39,0.27,35.8,N/A,N/A,1.7,50.6,Bear,-0.34,1.08,0.01,2.0,
CF,121.98,1.89,2.17,18.1,N/A,N/A,3.8,55.6,Bear,-0.13,-3.72,0.01,2.0,
FAF,73.39,1.29,1.5,7.4,N/A,N/A,2.84,51.9,Bear,-0.42,0.49,0.01,2.0,
HESM,40.14,0.17,0.15,5.1,N/A,N/A,2.89,55.5,Bear,-0.06,0.43,0.01,2.0,
ALV,121.92,1.36,0.91,8.8,N/A,N/A,0.87,51.4,Bear,-0.17,1.38,0.01,1.9,
OCFC,19.65,0.46,2.61,1.9,N/A,N/A,2.9,56.9,Bear,-0.0,-0.33,0.06,1.9,
WST,353.32,1.94,0.29,24.4,N/A,N/A,3.55,55.8,Bear,-0.06,-1.36,0.01,1.9,
ATEX,91.36,0.67,2.88,1.8,N/A,N/A,3.67,47.2,Bear,-1.2,-8.96,0.01,1.9,
NU,14.38,0.17,6.01,69.7,N/A,N/A,3.36,53.4,Bear,-0.0,-0.93,0.03,1.9,
PBR,18.73,3.03,5.46,117.2,N/A,N/A,2.97,57.0,Bear,-0.03,-0.85,0.05,1.9,
AGNCZ,25.53,0.06,0.55,30.2,N/A,N/A,1.24,65.7,Bear,-0.0,1.15,0.0,1.8,
GBDC,13.16,0.69,0.53,3.4,N/A,N/A,1.79,53.8,Bear,-0.0,0.77,0.01,1.8,
GBTG,9.46,0.06,0.17,4.9,N/A,N/A,2.42,65.2,Bear,-0.0,0.49,0.02,1.8,
MSM,123.18,0.49,3.14,6.8,N/A,N/A,3.29,52.5,Bear,-0.36,-1.27,0.01,1.7,
CDP,37.18,0.87,0.54,4.2,N/A,N/A,3.26,54.1,Bear,-0.16,-1.09,0.01,1.7,
AES,14.77,0.24,0.44,10.5,N/A,N/A,1.13,68.8,Bear,-0.0,0.89,0.03,1.7,
DRH,12.6,0.88,3.03,2.6,N/A,N/A,3.16,52.7,Bear,-0.07,-2.33,0.01,1.7,
SPGI,420.37,0.56,2.5,123.2,N/A,N/A,1.36,52.0,Bull,0.05,-6.24,0.01,1.6,
AHR,54.99,1.05,4.56,11.9,N/A,N/A,3.06,52.8,Bear,-0.28,-3.8,0.01,1.6,
IART,17.8,1.4,2.39,1.4,N/A,N/A,2.81,49.7,Bear,-0.03,-7.56,0.01,1.5,
AMG,364.64,0.29,0.62,9.4,N/A,N/A,2.97,50.6,Bear,-1.55,-1.4,0.01,1.5,
ASND,255.55,2.69,0.04,15.4,N/A,N/A,2.58,54.2,Bear,-0.25,-2.09,0.03,1.5,
D,69.07,0.68,1.52,60.3,N/A,N/A,0.93,51.5,Bull,0.01,-2.84,0.02,1.5,
BCAX,26.09,4.7,5.93,1.6,N/A,N/A,2.58,50.7,Bear,-0.18,-6.02,0.01,1.4,
CNI,127.28,0.58,0.76,76.4,N/A,N/A,2.83,55.2,Bear,-0.32,-0.49,0.0,1.4,
MCY,106.74,0.4,1.16,5.9,N/A,N/A,1.44,50.4,Bear,-0.26,0.46,0.02,1.4,
CUBE,41.43,1.15,0.51,9.2,N/A,N/A,1.29,51.5,Bear,-0.1,0.75,0.01,1.4,
WELL,235.27,-0.07,2.17,169.7,N/A,N/A,2.43,52.2,Bear,-0.56,-3.62,0.02,1.4,
LTC,40.22,0.56,3.97,2.2,N/A,N/A,2.49,54.1,Bear,-0.02,-3.65,0.02,1.4,
F,14.23,2.12,2.86,54.6,N/A,N/A,1.69,52.5,Bear,-0.01,-0.28,0.05,1.3,
HIW,31.15,0.97,1.03,3.4,N/A,N/A,2.44,48.8,Bear,-0.21,-2.61,0.01,1.3,
ARW,212.63,-0.41,1.11,10.9,N/A,N/A,0.99,49.9,Bull,0.02,-2.82,0.01,1.2,
HMN,51.9,0.57,0.71,2.1,N/A,N/A,2.17,50.6,Bear,-0.18,-1.34,0.02,1.2,
OTTR,92.25,1.13,0.75,3.8,N/A,N/A,2.14,53.4,Bear,-0.12,-0.0,0.01,1.2,
MTH,74.2,4.98,1.8,4.6,N/A,N/A,1.68,51.9,Bear,-0.01,0.04,0.03,1.1,
KTB,82.39,0.11,0.97,4.5,N/A,N/A,1.95,50.6,Bear,-0.0,-5.09,0.01,1.1,
APLE,16.23,1.0,3.18,3.8,N/A,N/A,1.74,50.8,Bear,-0.03,-3.78,0.01,1.0,
CB,345.45,0.05,0.62,133.2,N/A,N/A,0.43,48.0,Bear,-1.32,0.65,0.02,1.0,
TFIN,76.62,0.48,0.03,1.8,N/A,N/A,1.75,49.6,Bear,-0.13,-1.57,0.01,1.0,
RNR,321.58,0.27,1.3,13.3,N/A,N/A,2.02,52.5,Bear,-0.81,-0.46,0.0,1.0,
SLF,80.43,0.02,0.24,44.8,N/A,N/A,1.83,48.3,Bear,-0.41,-1.65,0.01,1.0,
AMH,33.88,0.62,0.15,12.1,N/A,N/A,1.66,51.1,Bear,-0.09,-0.56,0.01,0.9,
EE,37.47,0.59,4.81,4.2,N/A,N/A,1.72,52.3,Bear,-0.07,-3.8,0.01,0.9,
PM,188.49,0.47,1.24,292.4,N/A,N/A,1.65,51.1,Bear,-0.58,-2.99,0.01,0.9,
TFSL,17.6,0.28,0.86,4.9,N/A,N/A,1.29,47.4,Bear,-0.09,-3.67,0.03,0.9,
EG,370.6,0.88,1.9,14.1,N/A,N/A,1.55,50.7,Bear,-1.46,-0.66,0.01,0.9,
KHC,25.25,1.73,2.94,29.4,N/A,N/A,1.38,49.7,Bear,-0.14,-2.73,0.02,0.9,
HLN,9.79,0.72,0.56,43.3,N/A,N/A,1.56,51.9,Bear,-0.04,-2.43,0.02,0.9,
GL,178.08,0.0,0.1,13.7,N/A,N/A,1.4,46.6,Bear,-0.91,-3.22,0.01,0.8,
PEB,18.33,0.16,1.38,2.1,N/A,N/A,1.5,47.8,Bear,-0.08,-6.86,0.01,0.8,
CASY,843.87,-1.3,0.58,31.6,N/A,N/A,1.22,49.8,Bear,-1.04,-1.7,0.03,0.8,
AAPL,310.73,0.23,2.81,4524.6,N/A,N/A,0.62,48.7,Bear,-1.1,-4.57,0.05,0.7,
EXEL,53.73,1.14,6.65,13.2,N/A,N/A,1.24,50.6,Bear,-0.18,-3.92,0.01,0.7,
VTR,91.65,0.5,2.97,46.8,N/A,N/A,1.2,49.9,Bear,-0.36,-4.77,0.01,0.7,
BALL,62.28,0.99,0.23,16.3,N/A,N/A,0.97,49.1,Bear,-0.39,0.05,0.01,0.6,
HIG,139.4,0.32,1.43,37.6,N/A,N/A,0.87,49.8,Bear,-0.7,-1.02,0.02,0.6,
ES,72.86,0.88,1.82,27.2,N/A,N/A,0.99,52.0,Bear,-0.06,-1.61,0.01,0.6,
KBH,56.01,3.79,0.39,3.3,N/A,N/A,0.45,49.3,Bear,-0.26,-0.38,0.04,0.6,
HRL,24.63,1.19,0.98,13.4,N/A,N/A,1.1,48.8,Bear,-0.13,-2.57,0.01,0.6,
OXSQG,24.05,0.0,0.21,1.5,N/A,N/A,0.39,51.5,Bear,-0.02,0.36,0.0,0.6,
NICE,98.77,-0.79,0.21,5.9,N/A,N/A,0.73,49.8,Bear,-0.37,-2.54,0.01,0.5,
HCSG,22.55,2.78,8.41,1.5,N/A,N/A,0.02,50.2,Bear,-0.03,-9.62,0.06,0.5,
MAS,75.82,3.33,1.58,14.5,N/A,N/A,0.89,50.0,Bear,-0.24,-3.6,0.01,0.5,
RLJ,11.24,0.45,3.12,1.7,N/A,N/A,0.99,44.8,Bear,-0.11,-5.63,0.01,0.5,
WTM,2150.84,0.25,1.48,5.1,N/A,N/A,0.77,53.2,Bull,0.01,-1.44,0.01,0.5,
DORM,134.01,0.9,0.29,3.9,N/A,N/A,0.86,48.5,Bear,-0.76,-5.6,0.01,0.5,
GRBK,71.99,3.8,2.67,3.0,N/A,N/A,0.23,50.5,Bear,-0.05,-1.05,0.05,0.5,
AB,36.45,0.76,0.01,3.4,N/A,N/A,0.42,52.7,Bear,-0.01,-1.79,0.03,0.5,
SPG,221.97,0.62,0.64,71.4,N/A,N/A,0.89,48.1,Bear,-0.88,-2.73,0.01,0.5,
DDOG,244.79,-0.49,1.61,88.3,N/A,N/A,0.55,46.8,Bear,-2.14,-0.4,0.01,0.4,
ACGL,99.01,0.11,1.77,33.8,N/A,N/A,0.58,49.3,Bear,-0.31,-2.77,0.01,0.3,
FMS,23.77,0.89,0.21,13.2,N/A,N/A,0.27,46.4,Bear,-0.15,-2.18,0.02,0.3,
FCPT,25.09,0.82,0.62,2.7,N/A,N/A,0.4,49.6,Bear,-0.05,-4.23,0.01,0.3,
FSV,142.27,0.49,0.18,6.2,N/A,N/A,0.56,50.6,Bear,-0.27,-4.17,0.01,0.3,
WCN,165.71,0.11,0.22,42.2,N/A,N/A,0.45,48.4,Bear,-0.44,-3.4,0.0,0.3,
ELS,64.85,0.55,1.37,12.5,N/A,N/A,0.54,50.0,Bear,-0.1,-0.97,0.01,0.3,
CZR,29.67,0.15,0.15,6.0,N/A,N/A,0.48,46.3,Bear,-0.05,-0.89,0.0,0.2,
TXNM,57.65,0.27,0.55,5.9,N/A,N/A,0.39,56.7,Bear,-0.0,-0.4,0.0,0.2,
XHR,19.48,1.08,3.6,1.8,N/A,N/A,0.24,46.2,Bear,-0.13,-7.25,0.01,0.2,
GWW,1321.76,0.58,1.29,61.9,N/A,N/A,0.22,48.1,Bear,-0.39,-2.19,0.01,0.2,
FE,47.5,0.51,1.04,27.3,N/A,N/A,0.19,50.0,Bear,-0.06,-1.17,0.01,0.2,
SNDR,35.76,1.3,0.06,6.2,N/A,N/A,0.38,48.6,Bear,-0.0,-6.56,0.0,0.2,